name,price,processor,memory,storage,graphics,cpu_cores,gpu_cores,url
Lenovo IdeaPad Slim 3 14AMN8 - 82XN00C5ID /AMD Ryzen 3-7320U/8GB/512GB SSD/AMD Radeon Graphics/14″ FHD/Win 11 Home+OH24+M365/Arctic Grey/2Y,Rp 9.299.000,AMD Ryzen 3-7320U,8GB Soldered LPDDR5-5500,512GB SSD,AMD Radeon 610M Graphics,,,https://www.plazait.co.id/product/lenovo-ideapad-slim-3-14amn8-82xn00c5id-ryzen-3-7320u-amd-radeon-graphics-arctic-grey
"HP 14-em0321AU - BD0Y0PA /AMD Ryzen 3-7320U/8GB/512GB SSD/AMD Radeon Graphics/14"" FHD/Win 11 Home+OH24+M365/Gold/2Y",Rp 9.270.000,AMD Ryzen 3-7320U,8GB LPDDR5-6400 (onboard),512GB SSD,AMD Radeon Graphics,,,https://www.plazait.co.id/product/hp-14-em0321au-bd0y0pa-gold-2y
HP 14-ep0261TU - BD0Y5PA /Intel Core i3-1315U/8GB/512GB SSD/Intel UHD Graphics/14″ FHD/Win 11 Home+OH24+M365/Silver/2Y,Rp 9.350.000,Intel Core i3-1315U,8GB DDR4-3200 (onboard),512GB SSD,Intel UHD Graphics,,,https://www.plazait.co.id/product/hp-14-ep0261tu-bd0y5pa-core-i3-1315u-intel-uhd-graphics-silver
HP 240R G9 - B98GZPC /Intel Core 5-120U/8GB/512GB SSD/Intel Graphics/14″ FHD/Win 11 Home+OH24/Dark Ash Silver/1Y,Rp 10.050.000,Intel Core 5-120U,8GB DDR4-3200,512GB SSD,Intel Graphics,,,https://www.plazait.co.id/product/hp-240r-g9-b98gzpc-core-5-120u-intel-graphics-dark-ash-silver
"HP Victus 15-fa2666TX - B6NR1PA /Intel Core i5-13420H/16GB/512GB SSD/RTX3050 6GB/15.6"" FHD/Win 11 Home+OH24+M365/Mica Silver/2Y",Rp 16.020.000,Intel Core i5-13420H,16GB DDR4-3200,512GB SSD,NVIDIA GeForce RTX3050 6GB,,,https://www.plazait.co.id/product/hp-victus-15-fa2666tx-b6nr1pa-core-i5-13420h-rtx3050-6gb-mica-silver
"HP 14-em0531AU - BD0Y2PA /AMD Ryzen 5-7530U/8GB/512GB SSD/AMD Radeon Graphics/14"" FHD/Win 11 Home+OH24+M365/Gold/2Y",Rp 10.499.000,AMD Ryzen 5-7530U,8GB DDR4-3200,512GB SSD,AMD Radeon Graphics,,,https://www.plazait.co.id/product/hp-14-em0531au-bd0y2pa-amd-ryzen-5-7530u8gb512gb-ssdamd-radeon-graphics14-fhdwin-11-homeoh24m365gold2y
"HP 14-em0320AU - BD0X9PA /AMD Ryzen 3-7320U/8GB/512GB SSD/AMD Radeon Graphics/14"" FHD/Win 11 Home+OH24+M365/Silver/2Y",Rp 9.270.000,AMD Ryzen 3-7320U,8GB LPDDR5-6400 (onboard),512GB SSD,AMD Radeon Graphics,,,https://www.plazait.co.id/product/hp-14-em0320au-bd0x9pa-silver-2y
"HP Probook 430 G8 X0PA /Intel Core i5-1135G7/8GB/512GB SSD/Intel Iris Xe Grapichs/13.3"" FHD/W10 Pro/Silver/1Y",Rp 10.809.000,Intel Core i5-1135G7,8GB,512GB SSD,Intel Iris Xe Graphics,,,https://www.plazait.co.id/product/laptop-hp-probook-430-g8-intel-core-i5-1135g7-8b-512gb-ssd-3y-536x0pa
"Asus VivoBook Go 14 E1404FA-VIPS5856M /AMD Ryzen 5-40/8GB/512GB SSD/AMD Radeon Graphics/14"" FHD/Win 11 Home+OH24+M365/Cool Silver/2Y",Rp 10.999.000,AMD Ryzen 5-40,8GB LPDDR5 on board,512GB M.2 NVMe PCIe 3.0 SSD,AMD Radeon Graphics,,,https://www.plazait.co.id/product/asus-vivobook-go-14-e1404fa-vips5856m-ryzen-5-408gb-512gb-cool-silver
"HP 14-em0530AU - BD0Y1PA /AMD Ryzen 5-7530U/8GB/512GB SSD/AMD Radeon Graphics/14"" FHD/Win 11 Home+OH24+M365/Silver/2Y",Rp 10.499.000,AMD Ryzen 5-7530U,8GB DDR4-3200,512GB SSD,AMD Radeon Graphics,,,https://www.plazait.co.id/product/hp-14-em0530au-bd0y1pa-amd-ryzen-5-7530u8gb512gb-ssdamd-radeon-graphics14-fhdwin-11-homeoh24m365silver2y
"Asus Vivobook Go 14 E1404TA-VIPS1821M /Intel N150/8GB/256Gb SSD/Intel Graphics/14"" FHD/Win 11 Home+OH24+M365/Mixed Black/2Y",Rp 7.999.000,Intel Processor N150,8GB DDR4 on board,256GB UFS 2.1 SSD,Intel Graphics,,,https://www.plazait.co.id/product/asus-vivobook-go-14-e1404ta-vips1821m-n150-8gb-256gb-14-fhd-mixed-black
"HP Victus 16-s1777AX - A4UE6PA /AMD Ryzen 7-8845HS/16GB/1TB SSD/RTX4070 8GB/16.1"" FHD IPS/Win 11 Home+OHS 2021/Mica Silver/2Y",Rp 25.120.000,AMD Ryzen 7-8845HS,16GB DDR5-5600,1TB SSD,NVIDIA GeForce RTX 4070 8GB,,,https://www.plazait.co.id/product/hp-victus-16-s1777ax-a4ue6pa-mica-silver-2y
"Asus VivoBook Go 14 E1404FA-VIPS3824M /AMD Ryzen 3-30/8GB/256GB SSD/AMD Radeon Graphics/14"" FHD/Win 11 Home+OH24+M365/Mixed Black/2Y",Rp 8.750.000,AMD Ryzen 3-30,8GB LPDDR5 on board,256GB M.2 NVMe PCIe 3.0 SSD,AMD Radeon Graphics,,,https://www.plazait.co.id/product/asus-vivobook-go-14-e1404fa-vips3824m-ryzen-3-308gb256gb-14-fhd-mixed-black
"Asus TUF A15 FA506NCQ-R735B6T-HM /AMD Ryzen 7-170/16GB/512GB SSD/NVIDIA GeForce RTX 3050 4GB/15.6"" FHD/Win 11 Home+OH24+M365/Graphite Black/2Y",Rp 16.499.000,AMD Ryzen 7-170,"16GB DDR5-5600 SO-DIMM, 2x DDR5 SO-DIMM slots",512GB PCIe 4.0 NVMe M.2 SSD,NVIDIA GeForce RTX 3050 Laptop GPU 4GB GDDR6,,,https://www.plazait.co.id/product/asus-tuf-a15-fa506ncq-r735b6t-hm-ryzen-7-170-16gb-512gb-156-fhd-graphite-black
"Asus Vivobook 14 A1404VAP-VIPS3822M /Intel Core 3-100U/8GB/256GB SSD/Intel Graphics/14"" FHD/Win 11 Home+OH24+M365/Terra Cotta/2Y",Rp 9.799.000,Intel Core 3 Processor 100U,"8GB DDR5 on board, 1x DDR5 SO-DIMM slot","256GB M.2 NVMe PCIe SSD, 1x M.2 2280 PCIe 4.0x4",Intel Graphics,,,https://www.plazait.co.id/product/asus-vivobook-14-a1404vap-vips3822m-core-3-100u-8gb-256gb-14-fhd-terra-cotta
"Asus ExpertBook PM1 PM1403CDA-S67151WS /AMD Ryzen 7-170/16GB/512GB SSD/AMD Radeon Graphics/14"" FHD/Win 11 Home+OH24+M365/Misty Grey/3Y",Rp 13.199.000,AMD Octa Core Ryzen 7-170,16GB DDR5 SO-DIMM,512GB M.2 2280 NVMe PCIe 4.0 SSD,AMD Radeon Graphics,,,https://www.plazait.co.id/product/asus-expertbook-p1-pm1403cda-s67151ws-ryzen-7-170-16gb-512gb-14-fhd-misty-grey
Lenovo IdeaPad Slim 3 14IRU8 - 82X6006FID /Intel Core i3-1315U/8GB/512GB SSD/Intel UHD Graphics/14″ FHD TN/Win 11 Home+OH24+M365/Arctic Grey/2Y,Rp 9.299.000,Intel Core i3-1315U,8GB Soldered LPDDR5-4800,512GB SSD,Intel UHD Graphics,,,https://www.plazait.co.id/product/lenovo-ideapad-slim-3-14iru8-82x6006fid-intel-core-i3-1315u8gb512gb-ssdintel-uhd-graphics14-fhd-tnwin-11-homeoh24m365arctic-grey2y
Lenovo IdeaPad Slim 3 14AMN8 - 82XN00C4ID /AMD Ryzen 3-7320U/8GB/512GB SSD/AMD Radeon Graphics/14″ FHD/Win 11 Home+OH24+M365/Abyss Blue/2Y,Rp 9.299.000,AMD Ryzen 3-7320U,8GB Soldered LPDDR5-5500,512GB SSD,AMD Radeon 610M Graphics,,,https://www.plazait.co.id/product/lenovo-ideapad-slim-3-14amn8-82xn00c4id-ryzen-3-7320u-amd-radeon-graphics-abyss-blue
"Asus VivoBook Go 14 E1404FA-VIPS3825M /AMD Ryzen 3-30/8GB/256GB SSD/AMD Radeon Graphics/14"" FHD/Win 11 Home+OH24+M365/Green Grey/2Y",Rp 8.750.000,AMD Ryzen 3-30,8GB LPDDR5 on board,256GB M.2 NVMe PCIe 3.0 SSD,AMD Radeon Graphics,,,https://www.plazait.co.id/product/asus-vivobook-go-14-e1404fa-vips3825m-ryzen-3-308gb256gb-14-fhd-green-grey
"Asus VivoBook Go 14 E1404FA-VIPS3826M /AMD Ryzen 3-30/8GB/256GB SSD/AMD Radeon Graphics/14"" FHD/Win 11 Home+OH24+M365/Cool Silver/2Y",Rp 8.750.000,AMD Ryzen 3-30,8GB LPDDR5 on board,256GB M.2 NVMe PCIe 3.0 SSD,AMD Radeon Graphics,,,https://www.plazait.co.id/product/asus-vivobook-go-14-e1404fa-vips3826m-ryzen-3-308gb256gb-14-fhd-cool-silver
"Asus Vivobook 14 A1404VA-VIPS3856M /Intel Core i3-1315U/8GB/512GB SSD/Intel UHD Graphics/14"" FHD/Win 11 Home+OH24+M365/Cool Silver/2Y",Rp 9.699.000,Intel Core i3-1315U,"8GB DDR4 on board, Upgradable (1x DDR4 SO-DIMM slot)",512GB M.2 NVMe PCIe 4.0 SSD,Intel UHD Graphics,,,https://www.plazait.co.id/product/asus-vivobook-14-a1404va-vips3856m-i3-1315u-8gb-512gb-14-fhd-cool-silver
"Lenovo V14 G4 IRU - 83A0A065ID /Intel Core i3-1315U/8GB/512GB SSD/Intel UHD Graphics/14"" FHD IPS/Windows 11 Pro/Iron Grey/2Y",Rp 11.499.000,Intel Core i3-1315U,8GB Soldered DDR4-3200,512GB SSD,Intel UHD Graphics,,,https://www.plazait.co.id/product/lenovo-v14-g4-iru-83a0a065id-core-i3-1315u-intel-uhd-graphics-iron-grey
"Asus Vivobook 14 A1404VA-VIPS3854M /Intel Core i3-1315U/8GB/512GB SSD/Intel UHD Graphics/14"" FHD/Win 11 Home+OH24+M365/Quiet Blue/2Y",Rp 9.699.000,Intel Core i3-1315U,"8GB DDR4 on board, Upgradable (1x DDR4 SO-DIMM slot)",512GB M.2 NVMe PCIe 4.0 SSD,Intel UHD Graphics,,,https://www.plazait.co.id/product/asus-vivobook-14-a1404va-vips3854m-i3-1315u-8gb-512gb-14-fhd-quiet-blue
"HP 14-em0731AU - BP0S6PA /AMD Ryzen 7-7730U/16GB/512GB SSD/AMD Radeon Graphics/14"" FHD/Win 11 Home+OH24+M365/Gold/2Y",Rp 13.700.000,AMD Ryzen 7-7730U,16GB DDR4-3200,512GB SSD,AMD Radeon 610M Graphics,,,https://www.plazait.co.id/product/hp-14-em0731au-bp0s6pa-ryzen-7-7730u-amd-radeon-graphics-gold
"Asus VivoBook Go 14 E1404FA-VIPS5854M /AMD Ryzen 5-40/8GB/512GB SSD/AMD Radeon Graphics/14"" FHD/Win 11 Home+OH24+M365/Mixed Black/2Y",Rp 10.999.000,AMD Ryzen 5-40,8GB LPDDR5 on board,512GB M.2 NVMe PCIe 3.0 SSD,AMD Radeon Graphics,,,https://www.plazait.co.id/product/asus-vivobook-go-14-e1404fa-vips5854m-ryzen-5-40-8gb-512gb-mixed-black
Asus TUF A16 FA607NUQ-R745GYG-HM /AMD Ryzen 7-170/16GB/512GB SSD/NVIDIA GeForce RTX 4050 6GB/16″ FHD+/Win 11 Home+OH24+M365/Mecha Gray/2Y,Rp 21.999.000,AMD Ryzen 7-170,"16GB DDR5-5600 SO-DIMM, Support dual channel memory","512GB PCIe 4.0 NVMe M.2 SSD, 2 Slot (including used)","NVIDIA GeForce RTX 4050 Laptop GPU, 6GB GDDR6",,,https://www.plazait.co.id/product/asus-tuf-a16-fa607nuq-r745gyg-hm-ryzen-7-170-16gb-512gb-mecha-gray
"HP ProBook 4 G1iR - CK3S4AT /Intel Core 5 120U/24GB/512GB SSD/Intel Graphics/14"" WUXGA IPS/Silver/3Y",Rp 17.110.000,Intel Core 5 120U,24GB DDR5-5600,512GB SSD,Intel Graphics,,,https://www.plazait.co.id/product/hp-probook-4-g1ir-ck3s4at-core-5-120u-intel-graphics-silver
"Asus Vivobook A1404VAP-VIPS7156M /Intel Core 7-150U/16GB/512GB SSD/Intel Graphics/14"" FHD/Win 11 Home+OH24+M365/Cool Silver/2Y",Rp 16.099.000,Intel Core 7-150U,16GB (8GB DDR5 on board + 8GB DDR5 SO-DIMM),512GB M.2 NVMe PCIe 4.0 SSD,Intel Graphics,,,https://www.plazait.co.id/product/asus-vivobook-a1404vap-vips7156m-core-7-150u-16gb-512gb-cool-silver
"Asus Vivobook 14 A1404VAP-VIPS5155M /Intel Core 5-120U/16GB/512GB SSD/Intel Graphics/14"" FHD/Win 11 Home+OH24+M365/Terra Cotta/2Y",Rp 13.799.000,Intel Core 5-120U,16GB DDR5 (8GB on board + 8GB SO-DIMM),512GB M.2 NVMe PCIe 4.0 SSD,Intel Graphics,,,https://www.plazait.co.id/product/asus-vivobook-14-a1404vap-vips5155m-core-5-120u-16gb-512gb-terra-cotta
"Asus Vivobook 14 E1404FA-VIPS3853M / AMD Ryzen 3-7320U/8GB/512GB SSD/AMD Radeon Graphics/14"" FHD/Win 11 Home+OHM+M365/Cool Silver/2Y",Rp 10.199.000,AMD Ryzen 3-7320U,8GB LPDDR5 on board,512GB M.2 NVMe PCIe 3.0 SSD,AMD Radeon Graphics,,,https://www.plazait.co.id/product/asus-vivobook-14-e1404fa-vips3853m-ryzen-3-7320u-8gb-512gb-radeon-graphics-cool-silver
"Asus Vivobook 14 E1404FA-VIPS3851M /AMD Ryzen 3-7320U/8GB/512GB SSD/AMD Radeon Graphics/14"" FHD/Win 11 Home+OHM+M365/Mixed Black/2Y",Rp 10.199.000,AMD Ryzen 3-7320U,8GB LPDDR5 on board,512GB M.2 NVMe PCIe 3.0 SSD,AMD Radeon Graphics,,,https://www.plazait.co.id/product/asus-vivobook-14-e1404fa-vips3851m-ryzen-3-7320u-8gb-512gb-radeon-graphics-mixed-black
"Asus Vivobook 14 E1404FA-VIPS3852M / AMD Ryzen 3-7320U/8GB/512GB SSD/ AMD Radeon Graphics/14"" FHD/Win 11 Home+OHM+M365/Green Grey/2Y",Rp 10.199.000,AMD Ryzen 3-7320U,8GB LPDDR5 on board,512GB M.2 NVMe PCIe 3.0 SSD,AMD Radeon Graphics,,,https://www.plazait.co.id/product/asus-vivobook-14-e1404fa-vips3852m-ryzen-3-7320u-8gb-512gb-radeon-graphics-green-grey
"Acer Aspire 14 AI A14-61MT R25A /AMD Ryzen AI 5-330/16GB/512GB SSD/AMD Radeon Graphics/14"" WUXGA Touch/Win 11 Home+OH24+M365/Pure Silver",Rp 13.699.000,AMD Ryzen AI 5-330,16GB LPDDR5X,512GB SSD,AMD Radeon 820M Graphics,,,https://www.plazait.co.id/product/acer-aspire-14-ai-a14-61mt-r25a-ryzen-ai-5-330-amd-radeon-graphics-pure-silver
"Asus Vivobook Go 14 E1404TA-VIPS1822M /Intel N150/8GB/256Gb SSD/Intel Graphics/14"" FHD/Win 11 Home+OH24+M365/Cool Silver/2Y",Rp 7.999.000,"Intel Processor N150 0.8 GHz (6MB Cache, up to 3.6 GHz, 4 cores, 4 Threads)",8GB DDR4 on board,256GB UFS 2.1 SSD,Intel Graphics,,,https://www.plazait.co.id/product/asus-vivobook-go-14-e1404ta-vips1822m-n1508gb-256gb-14-fhd-cool-silver
HP 14-ep1188TU - CJ5Z5PA /Intel Core Ultra 5-125H/16GB/512GB SSD/Intel Arc Graphics/14″ FHD/Win 11 Home+OH24+M365/Silver/2Y,Rp 12.700.000,Intel Core Ultra 5-125H,16GB DDR5-5600,512GB SSD,Intel Arc Graphics,,,https://www.plazait.co.id/product/hp-14-ep1188tu-cj5z5pa-core-ultra-5-125h-intel-arc-graphics-silver
"Asus Vivobook A1404VAP-VIPS7154M /Intel Core 7-150U/16GB/512GB SSD/Intel Graphics/14"" FHD/Win 11 Home+OH24+M365/Quiet Blue/2Y",Rp 16.099.000,Intel Core 7-150U,16GB (8GB DDR5 on board + 8GB DDR5 SO-DIMM),512GB M.2 NVMe PCIe 4.0 SSD,Intel Graphics,,,https://www.plazait.co.id/product/asus-vivobook-a1404vap-vips7154m-core-7-150u-16gb-512gb-quiet-blue
"Asus Vivobook 14 A1404VAP-VIPS5156M /Intel Core 5-120U/16GB/512GB SSD/Intel Graphics/14"" FHD/Win 11 Home+OH24+M365/Cool Silver/2Y",Rp 13.799.000,Intel Core 5-120U,16GB DDR5 (8GB on board + 8GB SO-DIMM),512GB M.2 NVMe PCIe 4.0 SSD,Intel Graphics,,,https://www.plazait.co.id/product/asus-vivobook-14-a1404vap-vips5156m-core-5-120u-16gb-512gb-cool-silver
"Apple MacBook Neo A18 Pro (13-inch) 6-core CPU and 5-core GPU - 8GB, 256GB SSD",Rp 12.799.000,A18 Pro,8GB,256GB SSD,,6,5,https://www.plazait.co.id/product/apple-macbook-neo-a18-pro-chip-13-inch-8gb-256gb-ssd
"Asus Vivobook 14 A1404VAP-VIPS5154M /Intel Core 5-120U/16GB/512GB SSD/Intel Graphics/14"" FHD/Win 11 Home+OH24+M365/Quiet Blue/2Y",Rp 13.799.000,Intel Core 5-120U,16GB DDR5 (8GB on board + 8GB SO-DIMM),512GB M.2 NVMe PCIe 4.0 SSD,Intel Graphics,,,https://www.plazait.co.id/product/asus-vivobook-14-a1404vap-vips5154m-core-5-120u16gb-512gb-quiet-blue
Acer Aspire Lite 14 AL14-44P R64E /AMD Ryzen 5-7430U/8GB/512GB SSD/AMD Radeon Graphics/14.5″ WUXGA IPS/Win 11 Home+OH24+M365/Light Silver,Rp 9.699.000,AMD Ryzen 5-7430U,8GB DDR4,512GB SSD,AMD Radeon Graphics,,,https://www.plazait.co.id/product/acer-aspire-lite-14-al14-44p-r64e-ryzen-5-7430u-amd-radeon-graphics-silver
"Acer Aspire Lite 14 AL14-45P R8JN /AMD Ryzen 3-5400U/8GB/512GB SSD/AMD Radeon Graphics/14"" WUXGA IPS/Win 11 Home+OH24+M365/Light Silver",Rp 8.499.000,AMD Ryzen 3 5400U,8GB DDR4,512GB SSD,AMD Radeon Graphics,,,https://www.plazait.co.id/product/acer-aspire-lite-14-al14-45p-r8jn-ryzen-3-5400u-amd-radeon-graphics-light-silver
"HP Victus 16-r1218TX - A4TZ7PA /Intel Core i7-14650HX/16GB/1TB SSD/RTX4070 8GB/16.1"" FHD IPS/Win 11 Home+OHS 2021/Mica Silver/2Y",Rp 26.720.000,Intel Core i7-14650HX,16GB DDR5-5600,1TB SSD,NVIDIA GeForce RTX 4070 8GB,,,https://www.plazait.co.id/product/hp-victus-16-r1218tx-a4tz7pa-mica-silver-2y
"Acer Aspire Lite 14 AL14-36P C25A /Intel N4500/8GB/256GB SSD/Intel UHD Graphics/14"" FHD IPS/Win 11 Home+OH24+M365/Luna Grey",Rp 7.599.000,Intel N4500,8GB DDR4,256GB SSD,Intel UHD Graphics,,,https://www.plazait.co.id/product/acer-aspire-lite-14-al14-36p-c25a-intel-n4500-intel-uhd-graphics-grey
Lenovo IdeaPad Slim 3 14IRU8 - 82X6006PID /Intel Core i3-1315U/8GB/512GB SSD/Intel UHD Graphics/14″ FHD TN/Win 11 Home+OH24+M365/Abyss Blue/2Y,Rp 9.299.000,Intel Core i3-1315U,8GB Soldered LPDDR5-4800,512GB SSD,Intel UHD Graphics,,,https://www.plazait.co.id/product/lenovo-ideapad-slim-3-14iru8-82x6006pid-core-i3-1315u-intel-uhd-graphics-abyss-blue
"Asus ExpertBook P1 P1403CVA-S65852WS /Intel Core 5-210H/8GB/512GB SSD/Intel UHD Graphics/14"" FHD/Win 11 Home+OHS24+M365/Misty Grey/3Y",Rp 11.299.000,Intel Core 5-210H,8GB DDR5 SO-DIMM,512GB M.2 2280 NVMe PCIe 4.0 SSD,Intel UHD Graphics,,,https://www.plazait.co.id/product/asus-expertbook-p1-p1403cva-s65852ws-intel-core-5-210h8gb512gb-ssdintel-uhd-graphics14-fhdwin-11-homeoh24m365misty-grey3y
Acer Aspire Lite 14 AL14-44P R1XH /AMD Ryzen 7-7730U/8GB/512GB SSD/AMD Radeon Graphics/14.5″ WUXGA IPS/Win 11 Home+OH24+M365/Light Silver,Rp 10.899.000,AMD Ryzen 7-7730U,8GB DDR4,512GB SSD,AMD Radeon Graphics,,,https://www.plazait.co.id/product/acer-aspire-lite-14-al14-44p-r1xh-ryzen-7-7730u-amd-radeon-graphics-silver
"Acer Aspire Go 14 AG14-72P 50C7 /Intel Core 5-120U/16GB/512GB SSD/Intel Graphics/14"" WUXGA/Win 11 Home+OH24+M365/Pure Silver",Rp 11.899.000,Intel Core 5-120U,16GB DDR4,512GB SSD,Intel Graphics,,,https://www.plazait.co.id/product/acer-aspire-go-14-ag14-72p-50c7-core-5-120u-intel-graphics-pure-silver
"Asus Zenbook A14 UX3407QA-IPSP112M /Snapdragon X X1 26 100/16GB/1TB SSD/Qualcomm Adreno GPU/14"" WUXGA/Win 11 Home+OH24+M365/Iceland Gray/3Y",Rp 18.999.000,Snapdragon X X1 26 100,16GB LPDDR5X on board,1TB M.2 NVMe PCIe 4.0 SSD,"Qualcomm Adreno GPU, Qualcomm Hexagon NPU up to 45TOPS",,,https://www.plazait.co.id/product/asus-zenbook-a14-ux3407qa-ipsp112m-snapdragon-x-x1-26-100-16gb-1tb-14-wuxga-iceland-gray
"Asus Vivobook 14 A1404VAP-VIPS5855M /Intel Core 5-120U/8GB/512GB SSD/Intel Graphics/14"" FHD/Win 11 Home+OH24+M365/Terra Cotta/2Y",Rp 11.999.000,Intel Core 5-120U,"8GB DDR5 on board, 1x DDR4 SO-DIMM slot","512GB M.2 NVMe PCIe 4.0 SSD, 1x M.2 2280 PCIe 4.0×4",Intel Graphics,,,https://www.plazait.co.id/product/asus-vivobook-14-a1404vap-vips5855m-core-5-120u8gb512gb-14-fhd-terra-cotta
"Asus Vivobook Go 15 E1504FA-VIPS5156M /AMD Ryzen 5-40/16GB/512GB SSD/AMD Radeon Graphics/14"" FHD/Win 11 Home+OH24+M365/Cool Silver/2Y",Rp 13.590.000,AMD Ryzen 5 40 Processor,16GB LPDDR5 on board,512GB M.2 NVMe PCIe 3.0 SSD,AMD Radeon Graphics,,,https://www.plazait.co.id/product/asus-vivobook-go-15-e1504fa-vips5156m-ryzen-5-40-16gb-512gb-cool-silver
"Asus Vivobook Go 15 E1504FA-VIPS5154M /AMD Ryzen 5-40/16GB/512GB SSD/AMD Radeon Graphics/14"" FHD/Win 11 Home+OH24+M365/Mixed Black/2Y",Rp 13.590.000,AMD Ryzen 5 40 Processor,16GB LPDDR5 on board,512GB M.2 NVMe PCIe 3.0 SSD,AMD Radeon Graphics,,,https://www.plazait.co.id/product/asus-vivobook-go-15-e1504fa-vips5154m-ryzen-5-40-16gb-512gb-mixed-black
"Asus VivoBook Go 14 E1404FA-VIPS5855M /AMD Ryzen 5-40/8GB/512GB SSD/AMD Radeon Graphics/14"" FHD/Win 11 Home+OH24+M365/Green Grey/2Y",Rp 10.999.000,AMD Ryzen 5-40,8GB LPDDR5 on board,512GB M.2 NVMe PCIe 3.0 SSD,AMD Radeon Graphics,,,https://www.plazait.co.id/product/asus-vivobook-go-14-e1404fa-vips5855m-ryzen-5-40-8gb-512gb-green-grey
"HP OmniBook 5 Next Gen AI 14-hm0315AU - D6ZW0PA /AMD Ryzen AI 5-430/16GB/512GB SSD/AMD Radeon Graphics/14"" 2K OLED Touch/Win 11 Home+OH24+M365/Starlit Blue/2Y",Rp 19.499.000,AMD Ryzen AI 5-430,16GB LPDDR5x-7500 (onboard),512GB SSD,AMD Radeon 840M Graphics,,,https://www.plazait.co.id/product/hp-omnibook-5-next-gen-ai-14-hm0315au-d6zw0pa-ryzen-ai-5-430-amd-radeon-graphics-starlit-blue
"HP OmniBook 5 Next Gen AI 14-hm0311AU - D6ZV8PA /AMD Ryzen AI 5-430/16GB/512GB SSD/AMD Radeon Graphics/14"" 2K OLED Touch/Win 11 Home+OH24+M365/Glacier Silver/2Y",Rp 19.499.000,AMD Ryzen AI 5-430,16GB LPDDR5x-7500 (onboard),512GB SSD,AMD Radeon 840M Graphics,,,https://www.plazait.co.id/product/hp-omnibook-5-next-gen-ai-14-hm0311au-d6zv8pa-ryzen-ai-5-430-amd-radeon-graphics-glacier-silver
"Infinix XBOOK 15 /AMD Ryzen 7-5825U/8GB/512GB SSD/AMD Radeon Graphics/15.6"" IPS/Win 11 Home/Silver/2Y",Rp 8.299.000,AMD Ryzen 7-5825U,8GB LPDDR4X (Onboard),512GB SSD (M.2 slot*2),AMD Radeon Graphics,,,https://www.plazait.co.id/product/infinix-xbook-15-ryzen-7-5825u-8gb-512gb-156-ips-win-11-silver
HP 240R G9 - B98QQPC /Intel Core 7-150U/16GB/512GB SSD/Intel Graphics/14″ FHD/Win 11 Home+OH24/Dark Ash Silver/1Y,Rp 14.100.000,Intel Core 7-150U,16GB DDR4-3200,512GB SSD,Intel Graphics,,,https://www.plazait.co.id/product/hp-240r-g9-b98qqpc-core-7-150u-intel-graphics-dark-ash-silver
"Lenovo IdeaPad 5 2-in-1 14AHP11 - 83UJ001NID /AMD Ryzen 7 250/16GB/512GB SSD/AMD Radeon Graphics/14"" WUXGA Touch/Win 11 Home+OH24+M365/Luna Grey/2Y",Rp 19.409.000,AMD Ryzen 7 250,16GB (2x 8GB SODIMM DDR5-5600),512GB SSD,AMD Radeon 780M Graphics,,,https://www.plazait.co.id/product/lenovo-ideapad-5-2-in-1-14ahp11-83uj001nid-ryzen-7-250-amd-radeon-graphics-luna-grey
"Asus Gaming V16 V3607VJ-I535K1T-HM /Intel Core 5-210H/8GB/512GB SSD/NVIDIA GeForce RTX 3050 6GB/16"" WUXGA/Win 11 Home+OH24+M365/Matte Black/2Y",Rp 15.499.000,Intel Core 5-210H,8GB DDR5-5600 SO-DIMM,512GB M.2 NVMe PCIe 4.0 SSD,NVIDIA GeForce RTX 3050 Laptop GPU 6GB GDDR6,,,https://www.plazait.co.id/product/asus-gaming-v16-v3607vj-i535k1t-hm-core-5-210h-8gb-512gb-matte-black
"HP OmniBook 5 Next Gen AI 14-hm0412AU - D6ZW2PA /AMD Ryzen AI 7-445/16GB/512GB SSD/AMD Radeon Graphics/14"" 2K OLED Touch/Win 11 Home+OH24+M365/Meteor Silver/2Y",Rp 20.499.000,AMD Ryzen AI 7-445,16GB LPDDR5x-7500 (onboard),512GB SSD,AMD Radeon 860M Graphics,,,https://www.plazait.co.id/product/hp-omnibook-5-next-gen-ai-14-hm0412au-d6zw2pa-ryzen-ai-7-445-amd-radeon-graphics-meteor-silver
"Acer Aspire Go 14 AG14-72P 591X	/Intel Core 5-120U/8GB/512GB SSD/Intel Graphics/14"" WUXGA/Win 11 Home+OH24+M365/Matcha Sage",Rp 10.799.000,Intel Core 5-120U,8GB DDR4,512GB SSD,Intel Graphics,,,https://www.plazait.co.id/product/acer-aspire-go-14-ag14-72p-591x-core-5-120u-intel-graphics-matcha-sage
"HP 14-em0730AU - BP0S5PA /AMD Ryzen 7-7730U/16GB/512GB SSD/AMD Radeon Graphics/14"" FHD/Win 11 Home+OH24+M365/Silver/2Y",Rp 13.700.000,AMD Ryzen 7-7730U,16GB DDR4-3200,512GB SSD,AMD Radeon 610M Graphics,,,https://www.plazait.co.id/product/hp-14-em0730au-bp0s5pa-ryzen-7-7730u-amd-radeon-graphics-silver
"Acer Aspire Go 14 AG14-72P 571C /Intel Core 5-120U/8GB/512GB SSD/Intel Graphics/14"" WUXGA/Win 11 Home+OH24+M365/Pure Silver",Rp 10.799.000,Intel Core 5-120U,8GB DDR4,512GB SSD,Intel Graphics,,,https://www.plazait.co.id/product/acer-aspire-go-14-ag14-72p-571c-core-5-120u-intel-graphics-pure-silver
HP Probook 430 G8 71PA /Intel Core i5-1135G7/8GB/512GB SSD/Intel Iris Xe Graphics/13.3″ FHD/W10 Pro/Silver/1Y,Rp 10.809.000,Intel Core i5-1135G7,8GB,512GB SSD,Intel Iris Xe Graphics,,,https://www.plazait.co.id/product/laptop-hp-probook-430-g8-intel-core-i5-1135g7-8gb-512gb-ssd-1y-36u71pa
"Asus Vivobook 14 A1404VAP-VIPS7114M /Intel Core 7-150U/16GB/1TB SSD/Intel Graphics/14"" FHD/Win 11 Home+OH24+M365/Quiet Blue/2Y",Rp 17.199.000,Intel Core 7-150U,16GB DDR5 (8GB DDR5 on board + 8GB DDR5 SO-DIMM),1TB M.2 NVMe PCIe 4.0 SSD,Intel Graphics,,,https://www.plazait.co.id/product/asus-vivobook-14-a1404vap-vips7114m-core-7-150u16gb1tb-14-fhd-quiet-blue
Lenovo IdeaPad Slim 3 14AMN8 - 82XN00FWID /AMD Ryzen 5-40/8GB/512GB SSD/AMD Radeon Graphics/14″ FHD IPS/Win 11 Home+OH24+M365/Arctic Grey/2Y,Rp 12.299.000,AMD Ryzen 5 40,8GB Soldered LPDDR5-5500,512GB SSD,AMD Radeon 610M Graphics,,,https://www.plazait.co.id/product/lenovo-ideapad-slim-3-14amn8-82xn00fwid-ryzen-5-40-amd-radeon-graphics-arctic-grey
Lenovo Gaming LOQ 15IRX9 - 83DV01G5ID /Intel Core i7-13645HX/16GB/512GB SSD/RTX4050 6GB/15.6″ FHD/Win 11 Home+OH24+M365/Luna Grey/2Y,Rp 23.499.000,Intel Core i7-13645HX,16GB SO-DIMM DDR5-4800,512GB SSD,NVIDIA GeForce RTX 4050 6GB,,,https://www.plazait.co.id/product/lenovo-gaming-loq-15irx9-83dv01g5id-core-i7-13645hx-rtx4050-6gb-luna-grey
"HP OmniBook 5 Next Gen AI 14-hm0411AU - D6ZW1PA /AMD Ryzen AI 7-445/16GB/512GB SSD/AMD Radeon Graphics/14"" 2K OLED Touch/Win 11 Home+OH24+M365/Glacier Silver/2Y",Rp 20.499.000,AMD Ryzen AI 7-445,16GB LPDDR5x-7500 (onboard),512GB SSD,AMD Radeon 860M Graphics,,,https://www.plazait.co.id/product/hp-omnibook-5-next-gen-ai-14-hm0411au-d6zw1pa-ryzen-ai-7-445-amd-radeon-graphics-glacier-silver
"HP OmniBook 5 Next Gen AI 14-hm0312AU - D6ZV9PA /AMD Ryzen AI 5-430/16GB/512GB SSD/AMD Radeon Graphics/14"" 2K OLED Touch/Win 11 Home+OH24+M365/Meteor Silver/2Y",Rp 19.499.000,AMD Ryzen AI 5-430,16GB LPDDR5x-7500 (onboard),512GB SSD,AMD Radeon 840M Graphics,,,https://www.plazait.co.id/product/hp-omnibook-5-next-gen-ai-14-hm0312au-d6zv9pa-ryzen-ai-5-430-amd-radeon-graphics-meteor-silver
"HP Probook 4 G1i - AT6F2AV /Intel Core Ultra 5-225U/32GB/512GB SSD/Intel Graphics/14"" WUXGA IPS/Windows 11 Pro/Silver/1Y",Rp 23.810.000,Intel Core Ultra 5-225U,32GB DDR5-5600,512GB SSD,Intel Graphics,,,https://www.plazait.co.id/product/hp-probook-4-g1i-at6f2av-core-ultra-5-225u-intel-graphics-silver
"Lenovo Legion 5 15AHP11 - 83Q7001MID /AMD Ryzen 7 250/16GB/512GB SSD/RTX5050 8GB/15.3"" WQXGA/Win 11 Home+OH24+M365/Eclipse Black/3Y",Rp 29.209.000,AMD Ryzen 7 250,16GB SODIMM DDR5-5600,512GB SSD,NVIDIA GeForce RTX5050 8GB,,,https://www.plazait.co.id/product/lenovo-legion-5-15ahp11-83q7001mid-ryzen-7-250-rtx5050-8gb-eclipse-black
"Apple MacBook Neo A18 Pro Chip (13-inch) 6-core CPU and 5-core GPU - 8GB, 512GB SSD",Rp 14.999.000,A18 Pro,8GB,512GB SSD,,6,5,https://www.plazait.co.id/product/apple-macbook-neo-a18-pro-chip-13-inch-8gb-512gb-ssd
Lenovo IdeaPad Slim 3 14IRH10 - 83K000CVID /Intel Core i5-13420H/8GB/512GB SSD/Intel UHD Graphics/14″ WUXGA IPS/Win 11 Home+OH24+M365/Luna Grey/2Y,Rp 10.999.000,Intel Core i5-13420H,8GB Soldered DDR5-4800,512GB SSD,Intel UHD Graphics,,,https://www.plazait.co.id/product/lenovo-ideapad-slim-3-14irh10-83k000cvid-core-i5-13420h-intel-uhd-graphics-luna-grey
"Asus Vivobook 14 A1404VAP-VIPS7116M /Intel Core 7-150U/16GB/1TB SSD/Intel Graphics/14"" FHD/Win 11 Home+OH24+M365/Cool Silver/2Y",Rp 17.199.000,Intel Core 7-150U,16GB DDR5 (8GB DDR5 on board + 8GB DDR5 SO-DIMM),1TB M.2 NVMe PCIe 4.0 SSD,Intel Graphics,,,https://www.plazait.co.id/product/asus-vivobook-14-a1404vap-vips7116m-core-7-150u16gb1tb-14-fhd-cool-silver
"Lenovo Yoga Slim 7 14ILL11 Aura Edition - 83R0001PID /Intel Core Ultra 5 226V/16GB/512GB SSD/Intel Arc Graphics/14"" WUXGA OLED/Win 11 Home+OH24+M365/Seashell/3Y",Rp 20.850.000,Intel Core Ultra 5 226V,16GB Soldered LPDDR5X-8533,512GB SSD,Intel Arc Graphics 130V,,,https://www.plazait.co.id/product/lenovo-yoga-slim-7-14ill11-aura-edition-83r0001pid-core-ultra-5-226v-intel-arc-graphics-seashell
"Lenovo IdeaPad 5 2-in-1 14IPH11 - 83UG001WID /Intel Core Ultra 7-355/16GB/512GB SSD/Intel Graphics/14"" WUXGA Touch/Win 11 Home+OH24+M365/Luna Grey/2Y",Rp 21.970.000,Intel Core Ultra 7-355,16GB (2x 8GB SODIMM DDR5-5600),512GB SSD,Intel Graphics,,,https://www.plazait.co.id/product/lenovo-ideapad-5-2-in-1-14iph11-83ug001wid-core-ultra-7-355-intel-graphics-luna-grey
"Asus Vivobook Go 15 E1504FA-VIPS5155M /AMD Ryzen 5-40/16GB/512GB SSD/AMD Radeon Graphics/14"" FHD/Win 11 Home+OH24+M365/Green Grey/2Y",Rp 13.590.000,AMD Ryzen 5 40 Processor,16GB LPDDR5 on board,512GB M.2 NVMe PCIe 3.0 SSD,AMD Radeon Graphics,,,https://www.plazait.co.id/product/asus-vivobook-go-15-e1504fa-vips5155m-ryzen-5-40-16gb-512gb-green-grey
"Lenovo IdeaPad 5 2-in-1 14AHP11 - 83UJ001PID /AMD Ryzen 7 250/16GB/512GB SSD/AMD Radeon Graphics/14"" WUXGA Touch/Win 11 Home+OH24+M365/Cosmic Blue/2Y",Rp 19.409.000,AMD Ryzen 7 250,16GB (2x 8GB SODIMM DDR5-5600),512GB SSD,AMD Radeon 780M Graphics,,,https://www.plazait.co.id/product/lenovo-ideapad-5-2-in-1-14ahp11-83uj001pid-ryzen-7-250-amd-radeon-graphics-cosmic-blue
"Lenovo Yoga Slim 7 14AKP10 - 83JY00AHID /AMD Ryzen AI 7 345/16GB/512GB SSD/AMD Radeon Graphics/14"" WUXGA OLED/Win 11 Home+OH24+M365/Tidal Teal/3Y",Rp 21.299.000,AMD Ryzen AI 7 345,16GB Soldered LPDDR5x-7500,512GB SSD,AMD Radeon 840M Graphics,,,https://www.plazait.co.id/product/lenovo-yoga-slim-7-14akp10-83jy00ahid-ryzen-ai-7-345-amd-radeon-graphics-tidal-teal
"Apple MacBook Air M5 (13-inch) 10-core CPU and 8-core GPU – 16GB, 512GB SSD",Rp 24.999.000,M5,16GB,512GB SSD,,10,8,https://www.plazait.co.id/product/apple-macbook-air-m5-13-inch-10-core-cpu-and-8-core-gpu-16gb-512gb-ssd
"Asus TUF A15 FA506NCQ-R735B1T-HM /AMD Ryzen 7-170/8GB/512GB SSD/NVIDIA GeForce RTX 3050 4GB/15.6"" FHD/Win 11 Home+OH24+M365/Graphite Black/2Y",Rp 14.199.000,AMD Ryzen 7-170,8GB DDR5-5600 SO-DIMM,512GB PCIe 4.0 NVMe M.2 SSD,NVIDIA GeForce RTX 3050 4GB GDDR6,,,https://www.plazait.co.id/product/asus-tuf-a15-fa506ncq-r735b1t-hm-ryzen-7-1708-gb-512gb-fhd-graphite-black
"Acer Aspire Lite 14 AL14-53M 36GD /Intel Core i3-1315U/8GB/512GB SSD/Intel UHD Graphics/14"" WUXGA/Win 11 Home+OH24/Light Silver",Rp 9.099.000,Intel Core i3-1315U,8GB DDR4,512GB SSD,Intel UHD Graphics,,,https://www.plazait.co.id/product/acer-aspire-lite-14-al14-53m-36gd-core-i3-1315u-intel-uhd-graphics-light-silver
Acer Swift Air 14 AI SFA14-71M 50N4 /Intel Core Ultra 5-125H/16GB/512GB SSD/Intel Arc Graphics/14″ WUXGA OLED/Win 11 Home+OH24+M365/Silver,Rp 15.999.000,Intel Core Ultra 5-125H,16GB LPDDR5 (on Board),512GB SSD,Intel Arc Graphics,,,https://www.plazait.co.id/product/acer-swift-air-14-ai-sfa14-71m-50n4-core-ultra-5-125h-intel-arc-graphics-silver
"Asus ROG G614PH-R9N55T6G-HM /AMD Ryzen 9-8940HX/16GB/512GB SSD/NVIDIA GeForce RTX 5050 8GB/16"" WQXGA/Win 11 Home+OH24+M365/ Eclipse Gray/2Y",Rp 35.699.000,AMD Ryzen 9-8940HX,"16GB DDR5-5200 SO-DIMM, Support dual channel memory",512GB PCIe 4.0 NVMe M.2 SSD,"NVIDIA GeForce RTX 5050 Laptop, 8GB GDDR7",,,https://www.plazait.co.id/product/asus-rog-g614ph-r9n55t6g-hm-ryzen-9-8940hx-16gb-512gb-16-wqxga-eclipse-gray
"Asus Vivobook 14 A1404VA-VIPS3855M /Intel Core i3-1315U/8GB/512GB SSD/Intel UHD Graphics/14"" FHD/Win 11 Home+OH24+M365/Terra Cotta/2Y",Rp 9.699.000,Intel Core i3-1315U,"8GB DDR4 on board, Upgradable (1x DDR4 SO-DIMM slot)",512GB M.2 NVMe PCIe 4.0 SSD,Intel UHD Graphics,,,https://www.plazait.co.id/product/asus-vivobook-14-a1404va-vips3855m-i3-1315u-8gb-512gb-14-fhd-terra-cotta
"Infinix XBOOK B14 /AMD Ryzen 5-7535HS/8GB/512GB SSD/AMD Radeon Graphics/14"" WUXGA /Win 11 Home/2Y",Rp 8.399.000,AMD Ryzen 5-7535HS,"8GB | 16GB DDR5, onboard",512GB M.2 2280 NVMe PCIe SSD,AMD Radeon Graphic 660M,,,https://www.plazait.co.id/product/infinix-xbook-b14-ryzen-5-7535hs-8gb-512gb-radeon-graphics-silver
"HP OmniBook 7 14-fs0999TU - C0BA6PA /Intel Core 9-270H/32GB/1TB SSD/Intel Graphics/14"" 3K OLED/Win 11 Home+OH24+M365/Silver/2Y",Rp 23.770.000,Intel Core 9-270H,32GB LPDDR5-5200 (onboard),1TB SSD,Intel Graphics,,,https://www.plazait.co.id/product/hp-omnibook-7-14-fs0999tu-c0ba6pa-silver-2y
"Asus Vivobook 14 A1404VAP-VIPS5853M /Intel Core 5-120U/8GB/512GB SSD/Intel Graphics/14"" FHD/Win 11 Home+OHM+M365/Cool Silver/2Y",Rp 10.790.000,Intel Core 5-120U,8GB DDR4 on board (Dual-channel memory),512GB SSD,Intel Graphics,,,https://www.plazait.co.id/product/asus-vivobook-14-a1404vap-vips5853m-cool-silver
"Asus Vivobook Go 14 E1404FA-VIPS5152M /AMD Ryzen 5-7520U/16GB/512GB SSD/AMD Radeon Graphics/14"" FHD/Win 11 Home+OHS+M365/Green Grey/2Y",Rp 11.890.000,AMD Ryzen 5-7520U,16GB LPDDR5 on board,512GB SSD,AMD Radeon Graphics,,,https://www.plazait.co.id/product/asus-vivobook-go-14-e1404fa-vips5152m-amd-ryzen-5-7520u-16gb-512gb-ssd-amd-radeon-graphics-14-fhd-win-11-homeohsm365-green-grey-2y
"Asus Zenbook A14 UX3407QA-IPSP111M /Snapdragon X X1 26 100/16GB/1TB  SSD/Qualcomm Adreno GPU/14"" WUXGA/Win 11 Home+OH24+M365/Zabriskie Beige/3Y",Rp 18.999.000,Snapdragon X X1 26 100,16GB LPDDR5X on board,1TB M.2 NVMe PCIe 4.0 SSD,"Qualcomm Adreno GPU, Qualcomm Hexagon NPU up to 45TOPS",,,https://www.plazait.co.id/product/asus-zenbook-a14-ux3407qa-ipsp111m-snapdragon-x-x1-26-100-16gb-1tb-14-wuxga-zabriskie-beige
Acer Nitro V15 ANV15-52 71PZ /Intel Core 7 240H/16GB/512GB SSD/RTX 4050 6GB/15.6″ FHD/Win 11 Home+OH24+M365/Black,Rp 19.199.000,Intel Core 7 240H,16GB DDR5,512GB SSD,NVIDIA GeForce RTX 4050 6GB,,,https://www.plazait.co.id/product/acer-nitro-v15-anv15-52-71pz-core-7-240h-rtx-4050-6gb-black
Acer Nitro V15 ANV15-52 51TE /Intel Core 5 210H/16GB/512GB SSD/RTX 4050 6GB/15.6″ FHD/Win 11 Home+OH24+M365/Black,Rp 17.999.000,Intel Core 5 210H,16GB DDR5,512GB SSD,NVIDIA GeForce RTX 4050 6GB,,,https://www.plazait.co.id/product/acer-nitro-v15-anv15-52-51te-core-5-210h-rtx-4050-6gb-black
"Lenovo ThinkPad X1 Carbon Gen 14 Aura Edition - 21V700F3ID /Intel Core Ultra 7-365/32GB/1TB SSD/Intel Graphics/14"" WUXGA Touch/Win 11 Pro/Black/3Y",Rp 62.000.000,Intel Core Ultra 7 365,32GB Soldered LPDDR5X-7467,1TB SSD,Intel Graphics,,,https://www.plazait.co.id/product/lenovo-thinkpad-x1-carbon-gen-14-aura-edition-21v700f3id-core-ultra-7-365-intel-graphics-black
"Lenovo ThinkPad E14 Gen 8 - 21Y6008QID /Intel Core Ultra 7-356H/32GB/1TB SSD/Intel Graphics/14"" WUXGA/Win 11 Pro/Black/3Y",Rp 44.300.000,Intel Core Ultra 7 356H,32GB SODIMM DDR5-5600,1TB SSD,Intel Graphics,,,https://www.plazait.co.id/product/lenovo-thinkpad-e14-gen-8-21y6008qid-core-ultra-7-356h-intel-graphics-black
"Lenovo ThinkPad E14 Gen 8 - 21Y6008MID /Intel Core Ultra 7-355/16GB/1TB SSD/Intel Graphics/14"" WUXGA/Win 11 Pro/Black/3Y",Rp 37.400.000,Intel Core Ultra 7 355,16GB SODIMM DDR5-5600,1TB SSD,Intel Graphics,,,https://www.plazait.co.id/product/lenovo-thinkpad-e14-gen-8-21y6008mid-core-ultra-7-355-intel-graphics-black
"Asus Vivobook 14 A1404VAP-VIPS5856M /Intel Core 5-120U/8GB/512GB SSD/Intel Graphics/14"" FHD/Win 11 Home+OH24+M365/Cool Silver/2Y",Rp 11.999.000,Intel Core 5-120U,"8GB DDR5 on board, 1x DDR4 SO-DIMM slot","512GB M.2 NVMe PCIe 4.0 SSD, 1x M.2 2280 PCIe 4.0×4",Intel Graphics,,,https://www.plazait.co.id/product/asus-vivobook-14-a1404vap-vips5856m-core-5-120u8gb512gb-14-fhd-cool-silver
"HP OmniBook 7 Next Gen AI PC 14-hg0015TU - D6UJ1PA /Intel Core Ultra 5-325/16GB/512GB SSD/Intel Graphics/14"" 2K OLED/Win 11 Home+OH24+M365/Meteor Silver/2Y",Rp 21.499.000,Intel Core Ultra 5 325,16GB LPDDR5x-7467 (onboard),512GB SSD,Intel Graphics,,,https://www.plazait.co.id/product/hp-omnibook-7-next-gen-ai-pc-14-hg0015tu-d6uj1pa-core-ultra-5-325-intel-graphics-meteor-silver
"HP OmniBook X Flip Next Gen AI PC 14-kb0111TU - DK3T9PA /Intel Core Ultra 7-355/32GB/1TB SSD/Intel Graphics/14"" 2K Touch/Win 11 Home+OH24+M365/Silver/2Y",Rp 34.270.000,Intel Core Ultra 7-355,32GB LPDDR5x-7500 (onboard),1TB SSD,Intel Graphics,,,https://www.plazait.co.id/product/hp-omnibook-x-flip-next-gen-ai-pc-14-kb0111tu-dk3t9pa-core-ultra-7-355-intel-graphics-silver
"Asus Vivobook S14 M3407HA-OLED5111M /AMD Ryzen 5-220/16GB/1TB SSD/AMD Radeon Graphics/14"" WUXGA/Win 11 Home+OH24+M365/Matte Gray/3Y",Rp 16.999.000,AMD Ryzen 5-220,16GB DDR5 on board,1TB M.2 NVMe PCIe 4.0 SSD,AMD Radeon Graphics,,,https://www.plazait.co.id/product/asus-vivobook-s14-m3407ha-oled5111m-ryzen-5-220-16gb1-tb-matte-gray
"Acer Aspire Go 14 AG14-72P 58AK /Intel Core 5-120U/8GB/512GB SSD/Intel Graphics/14"" WUXGA/Win 11 Home+OH24+M365/Mood Lilac",Rp 10.799.000,Intel Core 5-120U,8GB DDR4,512GB SSD,Intel Graphics,,,https://www.plazait.co.id/product/acer-aspire-go-14-ag14-72p-58ak-core-5-120u-intel-graphics-mood-lilac
"Infinix XBOOK 15 /AMD Ryzen 5-5500U/8GB/256GB SSD/AMD Radeon Graphics/15.6"" IPS/Win 11 Home/Silver/2Y",Rp 7.399.000,AMD Ryzen 5-5500U,8GB LPDDR4X (Onboard),256GB SSD (M.2 slot*2),AMD Radeon Graphics,,,https://www.plazait.co.id/product/infinix-xbook-15-ryzen-5-5500u-8gb-256gb-156-ips-win-11-silver
"Acer Aspire Lite 14 AL14-45P R1QH /AMD Ryzen 3-5400U/8GB/512GB SSD/AMD Radeon Graphics/14"" WUXGA IPS/Win 11 Home+OH24+M365/Rose Sakura",Rp 8.499.000,AMD Ryzen 3 5400U,8GB DDR4,512GB SSD,AMD Radeon Graphics,,,https://www.plazait.co.id/product/acer-aspire-lite-14-al14-45p-r1qh-ryzen-3-5400u-amd-radeon-graphics-rose-sakura
"Asus Vivobook A1404VAP-VIPS7155M /Intel Core 7-150U/16GB/512GB SSD/Intel Graphics/14"" FHD/Win 11 Home+OH24+M365/Terra Cotta/2Y",Rp 16.099.000,Intel Core 7-150U,16GB (8GB DDR5 on board + 8GB DDR5 SO-DIMM),512GB M.2 NVMe PCIe 4.0 SSD,Intel Graphics,,,https://www.plazait.co.id/product/asus-vivobook-a1404vap-vips7155m-core-7-150u-16gb-512gb-terra-cotta
"Asus ROG G16 G614PH-R9N55J6G-HM /AMD Ryzen 9-8940H/16GB/512GB SSD/NVIDIA GeForce RTX 5050 8GB/16"" FHD+/Win 11 Home+OHM+M365/Eclipse Gray/2Y",Rp 32.850.000,AMD Ryzen 9-8940HX,16GB DDR5-5200 SO-DIMM,512GB PCIe 4.0 NVMe M.2 SSD,NVIDIA GeForce RTX 5050 8GB GDDR7,,,https://www.plazait.co.id/product/asus-rog-g16-g614ph-r9n55j6g-hm-ryzen-9-8940h-16gb-512gb-rtx-5050-8gb-eclipse-gray
Lenovo IdeaPad Slim 3 14IRU8 - 82X6006EID /Intel Core i3-1315U/8GB/512GB SSD/Intel UHD Graphics/14″ FHD TN/Win 11 Home+OH24+M365/Abyss Blue/2Y,Rp 9.299.000,Intel Core i3-1315U,8GB Soldered LPDDR5-4800,512GB SSD,Intel UHD Graphics,,,https://www.plazait.co.id/product/lenovo-ideapad-slim-3-14iru8-82x6006eid-intel-core-i3-1315u8gb512gb-ssdintel-uhd-graphics14-fhd-tnwin-11-homeoh24m365abyss-blue2y
"Asus Zenbook 14 OLED UX3405CA-OLEDS9312TM /Intel Core Ultra 9-285H/32GB/1TB SSD/Intel Arc Graphics/14"" OLED Touch/Win 11 Home+OHS+M365/Foggy Silver/2Y",Rp 32.999.000,Intel Core Ultra 9-285H,32GB LPDDR5X on board,1TB SSD,Intel Arc Graphics,,,https://www.plazait.co.id/product/asus-zenbook-14-oled-ux3405ca-oleds9312tm-foggy-silver
"Asus Vivobook 14 A1404VAP-VIPS5854M /Intel Core 5-120U/8GB/512GB SSD/Intel Graphics/14"" FHD/Win 11 Home+OH24+M365/Quiet Blue/2Y",Rp 11.999.000,Intel Core 5-120U,"8GB DDR5 on board, 1x DDR4 SO-DIMM slot","512GB M.2 NVMe PCIe 4.0 SSD, 1x M.2 2280 PCIe 4.0×4",Intel Graphics,,,https://www.plazait.co.id/product/asus-vivobook-14-a1404vap-vips5854m-core-5-120u8gb512gb-14-fhd-quiet-blue
Lenovo IdeaPad Slim 3 14IPH11 - 83UQ003BID /Intel Core Ultra 5-322/16GB/512GB SSD/Intel Graphics/14″ WUXGA IPS/Win 11 Home+OH24+M365/Luna Grey/2Y,Rp 16.499.000,Intel Core Ultra 5 322,16GB SODIMM DDR5-5600,512GB SSD,Intel Graphics,,,https://www.plazait.co.id/product/lenovo-ideapad-slim-3-14iph11-83uq003bid-core-ultra-5-322-intel-graphics-luna-grey
"HP OmniBook 7 Next Gen AI PC 14-hg0016TU - D6UJ2PA /Intel Core Ultra 5-325/16GB/512GB SSD/Intel Graphics/14"" 2K OLED/Win 11 Home+OH24+M365/Glacier Silver/2Y",Rp 21.499.000,Intel Core Ultra 5 325,16GB LPDDR5x-7467 (onboard),512GB SSD,Intel Graphics,,,https://www.plazait.co.id/product/hp-omnibook-7-next-gen-ai-pc-14-hg0016tu-d6uj2pa-core-ultra-5-325-intel-graphics-glacier-silver
"HP OmniBook 7 Next Gen AI PC 14-hg0010TU - D6UJ0PA /Intel Core Ultra 5-325/16GB/512GB SSD/Intel Graphics/14"" 2K OLED/Win 11 Home+OH24+M365/Powder Pink/2Y",Rp 21.499.000,Intel Core Ultra 5 325,16GB LPDDR5x-7467 (onboard),512GB SSD,Intel Graphics,,,https://www.plazait.co.id/product/hp-omnibook-7-next-gen-ai-pc-14-hg0010tu-d6uj0pa-core-ultra-5-325-intel-graphics-powder-pink
"HP OmniBook X Flip Next Gen AI PC 14-kb0777TU - D6UY0PA /Intel Core Ultra 7-355/16GB/1TB SSD/Intel Graphics/14"" 2K Touch/Win 11 Home+OH24+M365/Silver/2Y",Rp 29.470.000,Intel Core Ultra 7-355,16GB LPDDR5x-8533 (onboard),1TB SSD,Intel Graphics,,,https://www.plazait.co.id/product/hp-omnibook-x-flip-next-gen-ai-pc-14-kb0777tu-d6uy0pa-core-ultra-7-355-intel-graphics-silver
"Acer Nitro Lite 16 NL16-71G 50T3 /Intel Core 5 210H/16GB/512GB SSD/RTX4050 6GB/16"" WUXGA/Win 11 Home+OH24+M365/Shale Black",Rp 17.599.000,Intel Core 5 210H,16GB DDR5,512GB SSD,NVIDIA GeForce RTX 4050 6GB,,,https://www.plazait.co.id/product/acer-nitro-lite-16-nl16-71g-50t3-core-5-210h-rtx4050-6gb-shale-black
"Asus ExpertBook PM1 PM1403CDA-S65851WS /AMD Ryzen 5-150/8GB/512GB SSD/AMD Radeon Graphics/14"" FHD/Win 11 Home+OH24+M365/Misty Grey/3Y",Rp 11.099.000,AMD Ryzen 5-150,8GB DDR5 SO-DIMM,512GB M.2 2280 NVMe PCIe 4.0 SSD,AMD Radeon Graphics,,,https://www.plazait.co.id/product/asus-expertbook-p1-pm1403cda-s65851ws-ryzen-5-150-8gb-512gb-14-fhd-misty-grey
"Asus Vivobook 14 A1404VAP-VIPS3853M /Intel Core 3-100U/8GB/512GB SSD/Intel Graphics/14"" FHD/Win 11 Home+OH24+M365/Cool Silver/2Y",Rp 9.899.000,Intel Core 3-100U,"8GB DDR5 on board, 1x DDR5 SO-DIMM slot",512GB M.2 NVMe PCIe 4.0 SSD,Intel Graphics,,,https://www.plazait.co.id/product/asus-vivobook-14-a1404vap-vips3853m-core-3-100u-8gb-512gb-14-fhd-cool-silver
"Lenovo ThinkPad E14 Gen7 /Intel Core Ultra 5-225U/16GB/512GB SSD/Intel Graphics/14"" WUXGA/Win 11 Pro/Eclipse Black/3Y",Rp 22.000.000,Intel Core Ultra 5-225U,16GB SO-DIMM DDR5-5600,512GB SSD,Intel Graphics,,,https://www.plazait.co.id/product/lenovo-thinkpad-e14-gen-7-core-ultra-5-225u-intel-graphics-black
Acer Nitro V15 ANV15-52 56V5 /Intel Core i5-13420H/16GB/512GB SSD/RTX5050 8GB/15.6″ FHD/Win 11 Home+OH24/Black,Rp 18.999.000,Intel Core i5-13420H,16GB DDR4,512GB SSD,NVIDIA GeForce RTX 5050 8GB,,,https://www.plazait.co.id/product/acer-nitro-v15-anv15-52-56v5-core-i5-13420h-rtx5050-8gb-black
"Asus Zenbook 14 UX3405CA-OLED5111TM /Intel Core Ultra 5-225H/16GB/1TB SSD/Intel Arc Graphics/14"" WUXGA Touch/Win 11 Home+OHS+M365/Ponder Blue/2Y",Rp 23.599.000,Intel Core Ultra 5-225H,16GB LPDDR5X on board,1TB SSD,Intel Arc Graphics,,,https://www.plazait.co.id/product/asus-zenbook-14-ux3405ca-oled5111tm-ponder-blue
"Asus Vivobook 14 A1404VAP-VIPS7854M /Intel Core 7-150U/8GB/512GB SSD/Intel Graphics/14"" FHD/Win 11 Home+OH24+M365/Quiet Blue/2Y",Rp 15.199.000,Intel Core 7-150U,"8GB DDR5 on board, 1x DDR5 SO-DIMM slot",512GB M.2 NVMe PCIe 4.0 SSD,Intel Graphics,,,https://www.plazait.co.id/product/asus-vivobook-14-a1404vap-vips7854m-core-7-150u8gb512gb-14-fhd-quiet-blue
"Asus Zenbook 14 UX3405CA-OLED7351TM /Intel Core Ultra 7-255H/32GB/512GB SSD/Intel Arc Graphics/14"" OLED Touch/Win 11 Home+OH24+M365/Ponder Blue/3Y",Rp 31.700.000,Intel Core Ultra 7-255H,32GB LPDDR5X on board,512GB M.2 NVMe PCIe 4.0 SSD; 1x M.2 2280 PCIe 4.0×4,Intel Arc Graphics,,,https://www.plazait.co.id/product/asus-zenbook-14-ux3405ca-oled7351tm-core-ultra-7-255h-32gb-512gb-14-oled-touch-ponder-blue
"HP OmniBook 5 Flip 2-in-1 Next Gen AI 14-km0011TU - D6UE1PA /Intel Core Ultra 7-355/16GB/512GB SSD/Intel Graphics/14"" 2K Touch/Win 11 Home+OH24+M365/Powder Pink/2Y",Rp 23.999.000,Intel Core Ultra 7 355,16GB LPDDR5x-8533 (onboard),512GB SSD,Intel Graphics,,,https://www.plazait.co.id/product/hp-omnibook-5-flip-2-in-1-next-gen-ai-14-km0011tu-d6ue1pa-core-ultra-7-355-intel-graphics-powder-pink
"Asus Vivobook S14 M3407HA-OLED5112M /AMD Ryzen 5-220/16GB/1TB SSD/AMD Radeon Graphics/14"" WUXGA/Win 11 Home+OH24+M365/Cool Silver/3Y",Rp 16.999.000,AMD Ryzen 5-220,16GB DDR5 on board,1TB M.2 NVMe PCIe 4.0 SSD,AMD Radeon Graphics,,,https://www.plazait.co.id/product/asus-vivobook-s14-m3407ha-oled5112m-ryzen-5-220-16gb-1tb-cool-silver
"Lenovo Yoga 7 2-in-1 14IPH11 Aura Edition - 83TC003YID /Intel Core Ultra 5-322/16GB/512GB SSD/Intel Graphics/14"" WUXGA OLED Touch/Win 11 Home+OH24+M365/Seashell/3Y",Rp 26.700.000,Intel Core Ultra 5 322,16GB Soldered LPDDR5X-7467,512GB SSD,Intel Graphics,,,https://www.plazait.co.id/product/lenovo-yoga-7-2-in-1-14iph11-83tc003yid-core-ultra-5-322-intel-graphics-seashell
"Lenovo IdeaPad 5 2-in-1 14AGP11 - 83UH004VID /AMD Ryzen AI 5 430/16GB/512GB SSD/AMD Radeon Graphics/14"" WUXGA Touch/Win 11 Home+OH24+M365/Luna Grey/2Y",Rp 18.999.000,AMD Ryzen AI 5 430,16GB (2x 8GB SODIMM DDR5-5600),512GB SSD,AMD Radeon 840M Graphics,,,https://www.plazait.co.id/product/lenovo-ideapad-5-2-in-1-14agp11-83uh004vid-ryzen-ai-5-430-amd-radeon-graphics-luna-grey
"Asus Vivobook S14 S3407VA-VIPS5151M /Intel Core 5-210H/16GB/512GB SSD/Intel UHD Graphics/14"" WUXGA/Win 11 Home+OH24+M365/Matte Gray/3Y",Rp 15.999.000,Intel Core 5-210H,8GB DDR5 on board + 8GB DDR5 SO-DIMM,512GB M.2 NVMe PCIe 4.0 SSD,Intel UHD Graphics,,,https://www.plazait.co.id/product/asus-vivobook-s14-s3407va-vips5151m-core-5-210h-8gb-512gb-14-wuxga-matte-gray
"Acer Aspire Go 14 AG14-72P 51TB /Intel Core 5-120U/8GB/1TB SSD/Intel Graphics/14"" WUXGA/Win 11 Home+OH24+M365/Pure Silver",Rp 11.799.000,Intel Core 5-120U,8GB DDR4,1TB SSD,Intel Graphics,,,https://www.plazait.co.id/product/acer-aspire-go-14-ag14-72p-51tb-core-5-120u-intel-graphics-pure-silver
"Asus Vivobook Go 14 E1404FA-VIPS5153M /AMD Ryzen 5-7520U/16GB/512GB SSD/AMD Radeon Graphics/14"" FHD/Win 11 Home+OHS+M365/Cool Silver/2Y",Rp 11.890.000,AMD Ryzen 5-7520U,16GB LPDDR5 on board,512GB SSD,AMD Radeon Graphics,,,https://www.plazait.co.id/product/asus-vivobook-go-14-e1404fa-vips5153m-cool-silver
"Lenovo Yoga Pro 7 14IAH10 Aura Edition - 83KF0027ID /Intel Core Ultra 9-285H/32GB/1TB SSD/Intel Arc Graphics/14.5"" 3K OLED Touch/Win 11 Home+OH24+M365/Luna Grey/3Y",Rp 33.659.000,Intel Core Ultra 9-285H,32GB Soldered LPDDR5x-8533,1TB SSD,Intel Arc 140T Graphics,,,https://www.plazait.co.id/product/lenovo-yoga-pro-7-14iah10-83kf0027id-luna-grey-3y
"Asus ROG Flow Z13 GZ302EA-RZA86N6G-HM /AMD Ryzen AI MAX+ 395/32GB/1TB SSD/AMD Radeon 8060S/13.4"" WQXGA/Win 11 Home+OHM+M365/Off Black/2Y",Rp 38.610.000,AMD Ryzen AI MAX+ 395,32GB LPDDR5X 8000 on board,1TB SSD,AMD Radeon 8060S,,,https://www.plazait.co.id/product/asus-rog-flow-z13-gz302ea-rza86n6g-hm-off-black
HP OmniBook Ultra Flip 14-fh0556TU - B2CQ3PA /Intel Core Ultra 9-288V/32GB/2TB SSD/Intel Arc Graphics/14″ 2.8K OLED Touch/Win 11 Home+OHS 2021/Atmospheric Blue/2Y,Rp 33.770.000,Intel Core Ultra 9-288V,32GB LPDDR5x-8533 (onboard),2TB SSD,Intel Arc Graphics,,,https://www.plazait.co.id/product/hp-omnibook-ultra-flip-14-fh0556tu-b2cq3pa-atmospheric-blue-2y
"Asus Zenbook S 14 UX5406SA-OLEDS7311TM /Intel Core Ultra 7-258V /32GB/1TB SSD/Intel Arc Graphics/14"" OLED Touch/Win 11 Home+OHS+M365/Zumaia Gray/2Y",Rp 34.999.000,Intel Core Ultra 7-258V,32GB LPDDR5X Memory on Package,1TB SSD,Intel Arc Graphics,,,https://www.plazait.co.id/product/asus-zenbook-s-14-ux5406sa-oleds7311tm-zumaia-gray
HP OmniBook Ultra Flip 14-fh0888TU - B08W7PA /Intel Core Ultra 7-258V/32GB/1TB SSD/Intel Arc Graphics/14″ 2.8K OLED Touch/Win 11 Home+OHS 2021/Atmospheric Blue/2Y,Rp 30.070.000,Intel Core Ultra 7-258V,32GB LPDDR5x-8533 (onboard),1TB SSD,Intel Arc Graphics,,,https://www.plazait.co.id/product/hp-omnibook-ultra-flip-14-fh0888tu-b08w7pa-atmospheric-blue-2y
"Asus ROG Strix G16 G615JHR-I7N55T6G-HM /Intel Core i7-14650HX/16GB/512GB SSD/NVIDIA GeForce RTX 5050 8GB GDDR7/16"" WQXGA/Win 11 Home+OH24+M365/Eclipse Gray/2Y",Rp 36.899.000,Intel Core i7 Processor 14650HX,"16GB DDR5-5600 SO-DIMM, Max Capacity: 64GB (2x DDR5 SO-DIMM slots)","512GB PCIe 4.0 NVMe M.2 SSD, 2x M.2 PCIe",NVIDIA GeForce RTX 5050 Laptop GPU 8GB GDDR7,,,https://www.plazait.co.id/product/asus-rog-strix-g16-g615jhr-i7n55t6g-hm-i7-14650hx16gb-512gb-16-wqxga-eclipse-gray
"Asus VivoBook Go 14 E1404FA-VIPSA822M /AMD Athlon Silver 10/8GB/256GB SSD/AMD Radeon Graphics/14"" FHD/Win 11 Home+OH24+M365/Green Grey/2Y",Rp 8.280.000,AMD Athlon Silver 10,8GB LPDDR5 on board,256GB M.2 NVMe PCIe SSD,AMD Radeon Graphics,,,https://www.plazait.co.id/product/asus-vivobook-go-14-e1404fa-vipsa822m-amd-athlon-silver-10-8gb-256gb-14-fhd-green-grey
Acer Swift Air 14 AI SFA14-I31 50AX /Intel Core 5-320/12GB/512GB SSD/Intel Graphics/14″ WUXGA IPS/Win 11 Home+OH24+M365/Sage Green,Rp 15.999.000,Intel Core 5 320,12GB LPDDR5X (on Board),512GB SSD,Intel Graphics,,,https://www.plazait.co.id/product/acer-swift-air-14-ai-sfa14-i31-50ax-core-5-320-intel-graphics-sage-green
Acer Swift Air 14 AI SFA14-I31 57W2 /Intel Core 5-320/8GB/512GB SSD/Intel Graphics/14″ WUXGA IPS/Win 11 Home+OH24+M365/Sage Green,Rp 15.199.000,Intel Core 5 320,8GB LPDDR5X (on Board),512GB SSD,Intel Graphics,,,https://www.plazait.co.id/product/acer-swift-air-14-ai-sfa14-i31-57w2-core-5-320-intel-graphics-sage-green
"Lenovo Legion 5 15IPH11 - 83RW001BID /Intel Core Ultra 7-356H/16GB/512GB SSD/RTX5060 8GB/15.3"" WQXGA/Win 11 Home+OH24+M365/Eclipse Black/3Y",Rp 35.650.000,Intel Core Ultra 7 356H,16GB SODIMM DDR5-5600,512GB SSD,NVIDIA GeForce RTX5060 8GB,,,https://www.plazait.co.id/product/lenovo-legion-5-15iph11-83rw001bid-core-ultra-7-356h-rtx5060-8gb-eclipse-black
"Asus Vivobook S14 S3407CA-OLED7152M /Intel Core Ultra 7-255H/16GB/512GB SSD/Intel Graphics/14"" WUXGA/Win 11 Home+OH24+M365/Cool Silver/3Y",Rp 21.300.000,Intel Core Ultra 7-255H,16GB LPDDR5X on board; 1x DDR5 SO-DIMM slot,512GB M.2 NVMe PCIe 4.0 SSD; 1x M.2 2280 PCIe 4.0x4,Intel Graphics,,,https://www.plazait.co.id/product/asus-vivobook-s14-s3407ca-oled7152m-core-ultra-7-255h-16gb-512gb-14-wuxga-cool-silver
Asus ROG Strix G16 G614PM-R9N56T5G-HM /AMD Ryzen 9-8940HX/16GB/512GB SSD/NVIDIA GeForce RTX 5060 8GB/16″ WQXGA/Win 11 Home+OH24+M365/Eclipse Gray/2Y,Rp 37.600.000,AMD Ryzen 9 8940HX,"16GB DDR5-5200 SO-DIMM, 2x DDR5 SO-DIMM slots","512GB PCIe 4.0 NVMe M.2 SSD, 2x M.2 PCIe","NVIDIA GeForce RTX 5060 Laptop GPU, , 8GB GDDR7",,,https://www.plazait.co.id/product/asus-rog-strix-g16-g614pm-r9n56t5g-hm-ryzen-9-8940hx-16gb-512gb-eclipse-gray
"HP OmniBook 5 Flip 2-in-1 Next Gen AI 14-km0012TU - D6UE2PA /Intel Core Ultra 7-355/16GB/512GB SSD/Intel Graphics/14"" 2K Touch/Win 11 Home+OH24+M365/Glacier Silver/2Y",Rp 23.999.000,Intel Core Ultra 7 355,16GB LPDDR5x-8533 (onboard),512GB SSD,Intel Graphics,,,https://www.plazait.co.id/product/hp-omnibook-5-flip-2-in-1-next-gen-ai-14-km0012tu-d6ue2pa-core-ultra-7-355-intel-graphics-glacier-silver
"HP OmniBook X Flip Next Gen AI PC 14-kb0333TU - DK3U0PA /Intel Core Ultra 7-355/32GB/1TB SSD/Intel Graphics/14"" 2K Touch/Win 11 Home+OH24+M365/Blue/2Y",Rp 34.270.000,Intel Core Ultra 7-355,32GB LPDDR5x-7500 (onboard),1TB SSD,Intel Graphics,,,https://www.plazait.co.id/product/hp-omnibook-x-flip-next-gen-ai-pc-14-kb0333tu-dk3u0pa-core-ultra-7-355-intel-graphics-blue
"Asus Vivobook S14 S5406SAL-OLED5151M /Intel Core Ultra 5-226V/16GB/512GB SSD/Intel Arc Graphics/14"" WUXGA/Win 11 Home+OH24+M365/Cool Silver/3Y",Rp 18.899.000,Intel Core Ultra 5-226V,16GB LPDDR5X Memory on Package,512GB M.2 NVMe PCIe 4.0 SSD,Intel Arc Graphics,,,https://www.plazait.co.id/product/asus-vivobook-s14-s5406sal-oled5151m-core-ultra-5-226v-16gb-512gb-cool-silver
"Lenovo Yoga Slim 7 14AKP10 - 83JY00AJID /AMD Ryzen AI 5 330/16GB/512GB SSD/AMD Radeon Graphics/14"" WUXGA OLED/Win 11 Home+OH24+M365/Tidal Teal/3Y",Rp 19.799.000,AMD Ryzen AI 5 330,16GB Soldered LPDDR5x-7500,512GB SSD,AMD Radeon 820M Graphics,,,https://www.plazait.co.id/product/lenovo-yoga-slim-7-14akp10-83jy00ajid-ryzen-ai-5-330-amd-radeon-graphics-tidal-teal
"Lenovo Yoga 7 2-in-1 14IPH11 Aura Edition - 83TC008GID /Intel Core Ultra 7-355/16GB/512GB SSD/Intel Graphics/14"" WUXGA OLED Touch/Win 11 Home+OH24+M365/Seashell/3Y",Rp 28.700.000,Intel Core Ultra 7 355,16GB Soldered LPDDR5X-7467,512GB SSD,Intel Graphics,,,https://www.plazait.co.id/product/lenovo-yoga-7-2-in-1-14iph11-83tc008gid-core-ultra-7-355-intel-graphics-seashell
"Lenovo Yoga 7 2-in-1 14AGP11 - 83TD005MID /AMD Ryzen AI 7-445/24GB/512GB SSD/AMD Radeon Graphics/14"" WUXGA OLED Touch/Win 11 Home+OH24+M365/Tidal Teal/3Y",Rp 28.799.000,AMD Ryzen AI 7 445,24GB Soldered LPDDR5X-8000,512GB SSD,AMD Radeon 840M Graphics,,,https://www.plazait.co.id/product/lenovo-yoga-7-2-in-1-14agp11-83td005mid-ryzen-ai-7-445-amd-radeon-graphics-tidal-teal
Acer Nitro V15 ANV15-52 50FX /Intel Core 5 210H/16GB/512GB SSD/RTX5050 8GB/15.6″ FHD/Win 11 Home+OH24+M365/Black,Rp 18.899.000,Intel Core 5 210H,16GB DDR4,512GB SSD,NVIDIA GeForce RTX 5050 8GB,,,https://www.plazait.co.id/product/acer-nitro-v15-anv15-52-50fx-core-5-210h-rtx5050-8gb-black
"Acer Swift Go 14 AI SFG14-75T 71NP /Intel Core Ultra 7-256V/16GB/1TB SSD/Intel Arc Graphics/14"" WUXGA Touch/Win 11 Home+OHS24/Steam Blue",Rp 19.199.000,Intel Core Ultra 7-256V,16GB LPDDR5X,1TB SSD,Intel Arc Graphics 140V,,,https://www.plazait.co.id/product/acer-swift-go-14-ai-sfg14-75t-71np-core-ultra-7-256v-intel-arc-graphics-steam-blue
"Lenovo IdeaPad 5 2-in-1 14IPH11 - 83UG0025ID /Intel Core Ultra 5-325/16GB/512GB SSD/Intel Graphics/14"" WUXGA Touch/Win 11 Home+OH24+M365/Cosmic Blue/2Y",Rp 20.199.000,Intel Core Ultra 5-325,16GB (2x 8GB SODIMM DDR5-5600),512GB SSD,Intel Graphics,,,https://www.plazait.co.id/product/lenovo-ideapad-5-2-in-1-14iph11-83ug0025id-core-ultra-5-325-intel-graphics-cosmic-blue
"Asus ExpertBook Ultra B9406CAA-THX7312WS /Intel Core Ultra X7-358H/32GB/1TB SSD/Intel Arc B390/14"" WQXGA+ Touch/Win 11 Home+OH24+M365/Morn Grey/2Y",Rp 47.599.000,Intel Core Ultra X7-358H,32GB LPDDR5X on board,1TB M.2 2280 NVMe PCIe 4.0 SSD,Intel Arc B390,,,https://www.plazait.co.id/product/asus-expertbook-ultra-b9406caa-thx7312ws-core-ultra-x7-358h-32gb-1tb-14-wqxga-touch-morn-grey
"Lenovo IdeaPad Slim 5 14IMH10 - 83V6001DID /Intel Core Ultra 5-135H/16GB/512GB SSD/Intel Arc Graphics/14"" WUXGA OLED/Win 11 Home+OH24+M365/Luna Grey/2Y",Rp 17.429.000,Intel Core Ultra 5-135H,16GB (2x 8GB SODIMM DDR5-5600),512GB SSD,Intel Arc Graphics,,,https://www.plazait.co.id/product/lenovo-ideapad-slim-5-14imh10-83v6001did-core-ultra-5-135h-intel-arc-graphics-luna-grey
"Lenovo IdeaPad Slim 5 14IMH10 - 83V6001CID /Intel Core Ultra 5-135H/16GB/512GB SSD/Intel Arc Graphics/14"" WUXGA OLED/Win 11 Home+OH24+M365/Cosmic Blue/2Y",Rp 17.429.000,Intel Core Ultra 5-135H,16GB (2x 8GB SODIMM DDR5-5600),512GB SSD,Intel Arc Graphics,,,https://www.plazait.co.id/product/lenovo-ideapad-slim-5-14imh10-83v6001cid-core-ultra-5-135h-intel-arc-graphics-cosmic-blue
"Lenovo Legion 5 15AGP11 - 83Q6001DID /AMD Ryzen AI 7 450/16GB/512GB SSD/RTX5060 8GB/15.3"" WQXGA/Win 11 Home+OH24+M365/Eclipse Black/3Y",Rp 33.169.000,AMD Ryzen AI 7 450,16GB SODIMM DDR5-5600,512GB SSD,NVIDIA GeForce RTX5060 8GB,,,https://www.plazait.co.id/product/lenovo-legion-5-15agp11-83q6001did-ryzen-ai-7-450-rtx5060-8gb-eclipse-black
"Asus Vivobook 14 A1407QA-VIPSP111M /Snapdragon X X1 26 100/16GB/1TB SSD/Qualcomm Adreno GPU/14"" WUXGA/Win 11 Home+OH24+M365/Quiet Blue/2Y",Rp 11.499.000,Snapdragon X X1 26 100,16GB LPDDR5X on board,1TB M.2 NVMe PCIe 4.0 SSD,Qualcomm Adreno GPU,,,https://www.plazait.co.id/product/asus-vivobook-14-a1407qa-vipsp111m-snapdragon-x-x1-26-10016gb-1tb-14-wuxga-quiet-blue
"PC Asus All In One V440VAK-W511WOM /Intel Core 5-210H/16GB/1TB SSD/Intel Graphics/23.8"" FHD/Win 11 Home+OH24+M365/White/2Y",Rp 17.999.000,Intel Core 5-210H,16GB (8GB DDR5 SO-DIMM x 2),1TB M.2 NVMe PCIe 4.0 SSD,Intel Graphics,,,https://www.plazait.co.id/product/pc-asus-all-in-one-v440vak-w511wom-core-5-210h-16gb-1tb-238-fhd-white
"Asus Vivobook 14 A1404VAP-VIPS3852M /Intel Core 3-100U/8GB/512GB SSD/Intel Graphics/14"" FHD/Win 11 Home+OH24+M365/Terra Cotta/2Y",Rp 9.899.000,Intel Core 3-100U,"8GB DDR5 on board, 1x DDR5 SO-DIMM slot",512GB M.2 NVMe PCIe 4.0 SSD,Intel Graphics,,,https://www.plazait.co.id/product/asus-vivobook-14-a1404vap-vips3852m-core-3-100u-8gb-512gb-14-fhd-terra-cotta
"Acer Aspire Lite 14 AL14-37P 316S /Intel Core 3 N355/16GB/512GB SSD/Intel Graphics/14"" FHD/Win 11 Home+OH24+M365/Silver",Rp 8.699.000,Intel Core 3 N355,16GB DDR4,512GB SSD,Intel Graphics,,,https://www.plazait.co.id/product/acer-aspire-lite-14-al14-37p-316s-core-3-n355-intel-graphics-silver
"Lenovo Gaming LOQ 15AHP11 - 83TN000SID /AMD Ryzen 7 250/16GB/512GB SSD/RTX5060 8GB/15.3"" WUXGA/Win 11 Home+OH24+M365/Luna Grey/2Y",Rp 26.599.000,AMD Ryzen 7 250,16GB SODIMM DDR5-5600,512GB SSD,NVIDIA GeForce RTX 5060 8GB,,,https://www.plazait.co.id/product/lenovo-gaming-loq-15ahp11-83tn000sid-ryzen-7-250-rtx5060-8gb-luna-grey
"Lenovo Gaming LOQ 15AHP11 - 83TN000TID /AMD Ryzen 7 250/16GB/512GB SSD/RTX5050 8GB/15.3"" WUXGA/Win 11 Home+OH24+M365/Luna Grey/2Y",Rp 25.700.000,AMD Ryzen 7 250,16GB SODIMM DDR5-5600,512GB SSD,NVIDIA GeForce RTX 5050 8GB,,,https://www.plazait.co.id/product/lenovo-gaming-loq-15ahp11-83tn000tid-ryzen-7-250-rtx5050-8gb-luna-grey
Lenovo Gaming LOQ 15ARP10E Essential - 83S000D1ID /AMD Ryzen 7 170/16GB/512GB SSD/RTX3050 6GB/15.6″ FHD/Win 11 Home+OH24+M365/Luna Grey/2Y,Rp 16.999.000,AMD Ryzen 7 170,16GB SODIMM DDR5-4800,512GB SSD,NVIDIA GeForce RTX 3050 6GB,,,https://www.plazait.co.id/product/lenovo-gaming-loq-15arp10e-essential-83s000d1id-ryzen-7-170-rtx3050-6gb-luna-grey
Lenovo Gaming LOQ 15ARP10E Essential - 83S0001BID /AMD Ryzen 7-7735HS/16GB/512GB SSD/RTX4050 6GB/15.6″ FHD/Win 11 Home+OH24+M365/Luna Grey/2Y,Rp 22.499.000,AMD Ryzen 7-7735HS,16GB SODIMM DDR5-4800,512GB SSD,NVIDIA GeForce RTX 4050 6GB,,,https://www.plazait.co.id/product/lenovo-gaming-loq-15arp10e-essential-83s0001bid-ryzen-7-7735hs-rtx4050-6gb-luna-grey
"Lenovo ThinkPad E14 Gen7 /Intel Core Ultra 7-255H/16GB/512GB SSD/Intel Graphics/14"" WUXGA/Win 11 Pro/Black/3Y",Rp 22.599.000,Intel Core Ultra 7-255H,16GB SO-DIMM DDR5-5600,512GB SSD,Intel Graphics,,,https://www.plazait.co.id/product/lenovo-thinkpad-e14-gen-7-core-ultra-7-255h-intel-graphics-black
"Asus ExpertBook P5 P5405CSA-NZ5150WS /Intel Core Ultra 5-226V/16GB/512GB SSD/Intel Arc 130V/14"" WQXGA/Win 11 Home+OHM+M365/Misty Grey/3Y",Rp 18.499.000,Intel Core Ultra 5-226V,"16GB LPDDR5X Memory on Package, Memory Max Up to:16GB",512GB SSD,Intel Arc 130V GPU,,,https://www.plazait.co.id/product/asus-expertbook-p5-p5405csa-nz5150ws-ultra-5-226v1-6gb-512gb-arc-misty-grey
"Acer Aspire AI A14-71M 53XH /Intel Core Ultra 5-125H/16GB/512GB SSD/Intel Arc Graphics/14"" WUXGA OLED/Win 11 Home+OH24+M365/Steel Grey",Rp 12.799.000,Intel Core Ultra 5-125H,16GB LPDDR5X (onboard),512GB SSD,Intel Arc Graphics,,,https://www.plazait.co.id/product/acer-aspire-ai-a14-71m-53xh-intel-core-ultra-5-125h16gb512gb-ssdintel-arc-graphics14-wuxga-oledwin-11-homeoh24steel-grey1y
"Acer Aspire Go Spin 14 AGSP14-31PT 386W /Intel Core 3 N355/8GB/512GB SSD/Intel UHD Graphics/14"" WUXGA Touch/Win 11 Home+OH24/Pure Silver",Rp 10.299.000,Intel Core 3 N355,8GB LPDDR5 (onboard),512GB SSD,Intel UHD Graphics,,,https://www.plazait.co.id/product/acer-aspire-go-spin-14-agsp14-31pt-386w-core-3-n355-intel-uhd-graphics-pure-silver
"Lenovo IdeaPad Slim 5 14IAH10 - 83NC001PID /Intel Core Ultra 7-255H/16GB/512GB SSD/Intel Arc Graphics/14"" WUXGA OLED/Win 11 Home+OH24+M365/Luna Grey/2Y",Rp 19.599.000,Intel Core Ultra 7-255H,16GB (2x 8GB SO-DIMM DDR5-5600),512GB SSD,Intel Arc Graphics 140T,,,https://www.plazait.co.id/product/lenovo-ideapad-slim-5-14iah10-83nc001pid-luna-grey-2y
"Asus Vivobook 14 A1404VAP-VIPS5153M /Intel Core 5-120U/16GB/512GB SSD/Intel Graphics/14"" FHD/Win 11 Home+OHM+M365/Cool Silver/2Y",Rp 13.799.000,Intel Core 5-120U,16GB DDR4 (8GB on board + 8GB SO-DIMM),512GB SSD,Intel Graphics,,,https://www.plazait.co.id/product/asus-vivobook-14-a1404vap-vips5153m-cool-silver
"HP OmniBook 5 Flip 14-fp0776TU - BR4F5PA /Intel Core 7-150U/16GB/512GB SSD/Intel Graphics/14"" 2K Touch/Win 11 Home+OHS24/Blue/2Y",Rp 18.675.000,Intel Core 7-150U,16GB LPDDR5-5200 (onboard),512GB SSD,Intel Graphics,,,https://www.plazait.co.id/product/hp-omnibook-5-flip-14-fp0776tu-br4f5pa-blue-2y
"Asus Vivoobook S14 OLED S3407QA-OLEDP152M /Snapdragon X X1 26 100/16GB/512GB SSD/Qualcomm Adreno GPU/14"" FHD/Win 11 Home+OHM+M365/Cool Silver/2Y",Rp 14.499.000,Snapdragon X X1 26 100,16GB LPDDR5X on board,512GB SSD,Qualcomm Adreno GPU,,,https://www.plazait.co.id/product/asus-vivoobook-s14-oled-s3407qa-oledp152m-cool-silver
"Asus TUF A16 FA608UP-R757J6G-HM /AMD Ryzen 7-260/16GB/1TB SSD/NVIDIA GeForce RTX 5070 8GB/16"" FHD+/Win 11 Home+OHS+M365/Jaeger Gray/2Y",Rp 29.490.000,AMD Ryzen 7-260,16GB DDR5-5600 SO-DIMM,1TB SSD,NVIDIA GeForce RTX 5070 8GB,,,https://www.plazait.co.id/product/asus-tuf-f16-fa608up-r757j6g-hm-jaeger-gray
Asus Gaming V16 V3607VU-I745B7T-HM /Intel Core 7-240H/16GB/512GB SSD/NVIDIA GeForce RTX 4050 6GB/16″ WUXGA/Win 11 Home+OHM+M365/Matte Black/2Y,Rp 19.799.000,Intel Core 7-240H,16GB DDR5 SO-DIMM,512GB SSD,NVIDIA GeForce RTX 4050 6GB GDDR6,,,https://www.plazait.co.id/product/asus-gaming-v16-v3607vu-i745b7t-hm-matte-black
Lenovo IdeaPad Slim 3 14IRU8 - 82X6005MID /Intel Core i3-1315U/8GB/512GB SSD/Intel UHD Graphics/14″ FHD TN/Win 11 Home+OH24+M365/Abyss Blue/2Y,Rp 9.299.000,Intel Core i3-1315U,8GB Soldered LPDDR5-4800,512GB SSD,Intel UHD Graphics,,,https://www.plazait.co.id/product/lenovo-ideapad-slim-3-14iru8-82x6005mid-intel-core-i3-1315u8gb512gb-ssdintel-uhd-graphics14-fhd-tnwin-11-homeoh24m365abyss-blue2y
"Asus Vivobook 14 Flip TP3407SA-OLED7151M /Intel Core Ultra 7-256V/16GB/512GB SSD/Intel Arc Graphics/14"" FHD Touch/Win 11 Home+OHS+M365/Matte Grey/2Y",Rp 21.299.000,Intel Core Ultra 7-256V,16GB LPDDR5X on board,512GB SSD,Intel Arc Graphics,,,https://www.plazait.co.id/product/asus-vivobook-14-flip-tp3407sa-oled7151m-matte-grey
"Asus Zenbook 14 UX3405CA-OLED5112TM /Intel Core Ultra 5-225H/16GB/1TB SSD/Intel Arc Graphics/14"" WUXGA Touch/Win 11 Home+OHS+M365/Foggy Silver/2Y",Rp 23.599.000,Intel Core Ultra 5-225H,16GB LPDDR5X on board,1TB SSD,Intel Arc Graphics,,,https://www.plazait.co.id/product/asus-zenbook-14-ux3405ca-oled5112tm-foggy-silver
"HP 14-em0167AU - AD7Q0PA /AMD Ryzen 7-7730U/16GB/512GB SSD/AMD Radeon Graphics/14"" FHD/Win 11 Home+OHS 2021/Gold/2Y",Rp 13.700.000,AMD Ryzen 7-7730U,16GB LPDDR4-3200,512GB SSD,AMD Radeon Graphics,,,https://www.plazait.co.id/product/hp-14-em0167au-ad7q0pa-gold-2y
"Asus Vivobook Pro 16X Creator N7601ZM-OLEDP911/Intel Core i9-12900H/32GB/1TB SSD/NVIDIA GeForce RTX 3060 6GB/16"" OLED/Win11 Home + OHS/Cool Silver/2Y",Rp 27.999.000,Intel Core i9-12900H,32 GB (16GB DDR5 on board + 16GB DDR5 SO-DIMM),1TB  SSD,NVIDIA GeForce RTX™ 3060 6GB,,,https://www.plazait.co.id/product/asus-vivobook-pro-16x-creator-n7601zm-oledp911-intel-core-i9-12900h-32gb-1tb-ssd-nvidia-geforce-rtx-3060-6gb-16-oled-win11-home-ohs-cool-silver-2y
"Asus VivoBook Go 14 E1404FA-VIPSA823M /AMD Athlon Silver 10/8GB/256GB SSD/AMD Radeon Graphics/14"" FHD/Win 11 Home+OH24+M365/Cool Silver/2Y",Rp 8.280.000,AMD Athlon Silver 10,8GB LPDDR5 on board,256GB M.2 NVMe PCIe SSD,AMD Radeon Graphics,,,https://www.plazait.co.id/product/asus-vivobook-go-14-e1404fa-vipsa823m-amd-athlon-silver-10-8gb-256gb-14-fhd-cool-silver
"HP OMEN 16-ap1990AX - DJ2D7PA /AMD Ryzen 9-9955HX/24GB/1TB SSD/RTX5070 8GB/16"" 2.5K IPS/Win 11 Home+OHS24+M365/Blue/2Y",Rp 49.720.000,AMD Ryzen 9-9955HX 3D,24GB DDR5-5600,1TB SSD,NVIDIA GeForce RTX5070 8GB,,,https://www.plazait.co.id/product/hp-omen-16-ap1990ax-dj2d7pa-ryzen-9-9955hx-rtx5070-8gb-blue
"Asus VivoBook Go 14 E1404FA-VIPSA821M /AMD Athlon Silver 10/8GB/256GB SSD/AMD Radeon Graphics/14"" FHD/Win 11 Home+OH24+M365/Mixed Black/2Y",Rp 8.280.000,AMD Athlon Silver 10,8GB LPDDR5 on board,256GB M.2 NVMe PCIe SSD,AMD Radeon Graphics,,,https://www.plazait.co.id/product/asus-vivobook-go-14-e1404fa-vipsa821m-amd-athlon-silver-10-8gb-256gb-14-fhd-mixed-black
"Acer Aspire 7 Pro A715-59G 593X /Intel Core 5-210H/16GB/512GB SSD/RTX3050 4GB/15.6"" FHD/Win 11 Home+OH24+M365/Black",Rp 14.450.000,Intel Core 5 210H,16GB DDR4 (1x16GB SO-DIMM),512GB SSD,NVIDIA GeForce RTX 3050 4GB,,,https://www.plazait.co.id/product/acer-aspire-7-pro-a715-59g-593x-core-5-210h-rtx3050-4gb-black
"Lenovo Yoga Slim 7 14AGP11 - 83QS0047ID /AMD Ryzen AI 7 445/16GB/512GB SSD/AMD Radeon Graphics/14"" WUXGA OLED/Win 11 Home+OH24+M365/Tidal Teal/3Y",Rp 22.279.000,AMD Ryzen AI 7 445,16GB Soldered LPDDR5X-8000,512GB SSD,AMD Radeon 840M Graphics,,,https://www.plazait.co.id/product/lenovo-yoga-slim-7-14agp11-83qs0047id-ryzen-ai-7-445-amd-radeon-graphics-tidal-teal
"Lenovo Yoga Pro 7 15IPH11 Aura Edition - 83SN0010ID /Intel Core Ultra 7 356H/32GB/1TB SSD/RTX5050 8GB/15.3"" 2.5K WQXGA OLED/Win 11 Home+OH24+M365/Luna Grey/3Y",Rp 44.549.000,Intel Core Ultra 7 356H,32GB Soldered LPDDR5X-8533,1TB SSD,NVIDIA GeForce RTX 5050 8GB,,,https://www.plazait.co.id/product/lenovo-yoga-pro-7-15iph11-aura-edition-83sn0010id-core-ultra-7-356h-rtx5050-8gb-luna-grey
"Asus ExpertBook P3 PM3406CKA-NZ5150WS /AMD Ryzen AI 5 330/16GB/512GB SSD/AMD Radeon 820M/14"" WQXGA/Win 11 Home+OH24+M365/Misty Grey/3Y",Rp 14.380.000,AMD Ryzen AI 5 330,"16GB DDR5 SO-DIMM, Memory Max Up to:64GB",512GB M.2 2280 NVMe PCIe 4.0 SSD,AMD Radeon 820M,,,https://www.plazait.co.id/product/asus-expertbook-p3-pm3406cka-nz5150ws-ryzen-ai-5-33016gb-512gb-misty-grey
"Lenovo IdeaPad 5 2-in-1 14IPH11 - 83UG0024ID /Intel Core Ultra 5-325/16GB/512GB SSD/Intel Graphics/14"" WUXGA Touch/Win 11 Home+OH24+M365/Luna Grey/2Y",Rp 20.199.000,Intel Core Ultra 5-325,16GB (2x 8GB SODIMM DDR5-5600),512GB SSD,Intel Graphics,,,https://www.plazait.co.id/product/lenovo-ideapad-5-2-in-1-14iph11-83ug0024id-core-ultra-5-325-intel-graphics-luna-grey
"Lenovo IdeaPad 5 2-in-1 14AGP11 - 83UH004UID /AMD Ryzen AI 5 430/16GB/512GB SSD/AMD Radeon Graphics/14"" WUXGA Touch/Win 11 Home+OH24+M365/Cosmic Blue/2Y",Rp 18.999.000,AMD Ryzen AI 5 430,16GB (2x 8GB SODIMM DDR5-5600),512GB SSD,AMD Radeon 840M Graphics,,,https://www.plazait.co.id/product/lenovo-ideapad-5-2-in-1-14agp11-83uh004uid-ryzen-ai-5-430-amd-radeon-graphics-cosmic-blue
"Apple MacBook Air M5 (13-inch) 10-core CPU and 10-core GPU – 24GB, 1TB SSD",Rp 35.250.000,M5,24GB,1TB SSD,,10,10,https://www.plazait.co.id/product/apple-macbook-air-m5-13-inch-10-core-cpu-and-10-core-gpu-24gb-1tb-ssd
"Lenovo IdeaPad Slim 5 14AGP11 - 83S1003DID /AMD Ryzen AI 7 445/16GB/512GB SSD/AMD Radeon Graphics/14"" WUXGA OLED/Win 11 Home+OH24+M365/Luna Grey/2Y",Rp 18.809.000,AMD Ryzen AI 7 445,16GB (2x 8GB SODIMM DDR5-5600),512GB SSD,AMD Radeon 840M Graphics,,,https://www.plazait.co.id/product/lenovo-ideapad-slim-5-14agp11-83s1003did-ryzen-ai-7-445-amd-radeon-graphics-luna-grey
Lenovo IdeaPad Slim 3 14IRH10 - 83K000FNID /Intel Core i7-13620H/16GB/512GB SSD/Intel UHD Graphics/14″ WUXGA IPS/Win 11 Home+OH24+M365/Cosmic Blue/2Y,Rp 15.999.000,Intel Core i7-13620H,16GB SODIMM DDR5-4800,512GB SSD,Intel UHD Graphics,,,https://www.plazait.co.id/product/lenovo-ideapad-slim-3-14irh10-83k000fnid-core-i7-13620h-intel-uhd-graphics-cosmic-blue
"Asus Vivobook 14 A1407QA-VIPSP112M /Snapdragon X X1 26 100/16GB/1TB SSD/Qualcomm Adreno GPU/14"" WUXGA/Win 11 Home+OH24+M365/Platinum Gold/2Y",Rp 11.499.000,Snapdragon X X1 26 100,16GB LPDDR5X on board,1TB M.2 NVMe PCIe 4.0 SSD,Qualcomm Adreno GPU,,,https://www.plazait.co.id/product/asus-vivobook-14-a1407qa-vipsp112m-snapdragon-x-x1-26-100-16gb-1tb-14-wuxga-platinum-gold
"Asus Zenbook S14 UX5406AA-OLEDS9311TM /Intel Core Ultra 9-386H/32GB/1TB SSD/Intel Graphics/14"" OLED Touch/Win 11 Home+OH24+M365/Antrim Gray/3Y",Rp 39.899.000,Intel Core Ultra 9-386H,32GB LPDDR5X on board,1TB M.2 NVMe PCIe 4.0 SSD,Intel Graphics,,,https://www.plazait.co.id/product/asus-zenbook-s14-ux5406aa-oleds9311tm-core-ultra-9-386h-32gb-1tb-14-oled-touch-antrim-gray
"Asus Vivobook 15 A1504VAP-VIPS5152TM /Intel Core 5-120U/16GB/512GB SSD/Intel Graphics/15.6"" FHD Touch/Win 11 Home+OH24+M365/Terra Cotta/2Y",Rp 14.299.000,Intel Core 5-120U,16GB DDR5 (8GB DDR5 on board + 8GB DDR5 SO-DIMM),512GB M.2 NVMe PCIe 4.0 SSD,Intel Graphics,,,https://www.plazait.co.id/product/asus-vivobook-15-a1504vap-vips5152tm-core-5-120u-16gb-512gb-156-fhd-touch-erra-cotta
"Lenovo ThinkPad X9-14 Gen 1 Aura Edition - 21QA0083ID /Intel Core Ultra 7-268V/32GB/1TB SSD/Intel Arc Graphics/14"" 2.8K OLED Touch/Win 11 Pro/White/3Y",Rp 45.999.000,Intel Core Ultra 7-268V,32GB Soldered LPDDR5x-8533,1TB SSD,Intel Arc 140V Graphics,,,https://www.plazait.co.id/product/lenovo-thinkpad-x9-14-gen-1-aura-edition-83id-core-ultra-7-268v-intel-arc-graphics-white
Lenovo IdeaPad Slim 3 14IRH10 - 83K000BWID /Intel Core i5-13420H/8GB/512GB SSD/Intel UHD Graphics/14″ WUXGA IPS/Win 11 Home+OH24+M365/Luna Grey/2Y,Rp 10.999.000,Intel Core i5-13420H,8GB Soldered DDR5-4800,512GB SSD,Intel UHD Graphics,,,https://www.plazait.co.id/product/lenovo-ideapad-slim-3-14irh10-83k000bwid-core-i5-13420h-intel-uhd-graphics-luna-grey
Lenovo Gaming LOQ 15ARP10E Essential - 83S0001AID /AMD Ryzen 7-7735HS/16GB/512GB SSD/RTX3050 6GB/15.6″ FHD/Win 11 Home+OH24+M365/Luna Grey/2Y,Rp 16.999.000,AMD Ryzen 7-7735HS,16GB SODIMM DDR5-4800,512GB SSD,NVIDIA GeForce RTX 3050 6GB,,,https://www.plazait.co.id/product/lenovo-gaming-loq-15arp10e-essential-83s0001aid-ryzen-7-7735hs-rtx3050-6gb-luna-grey
"Asus Zenbook Duo UX8406CA-OLED9311TM /Intel Core Ultra 9-285H/32GB/1TB SSD/Intel Arc Graphics/14"" OLED Touch/Win 11 Home+OHM+M365/Moher Grey/3Y",Rp 46.890.000,Intel Core Ultra 9-285H,32GB DDR5 Non upgrade,1TB SSD,Intel Arc Graphics,,,https://www.plazait.co.id/product/asus-zenbook-duo-ux8406ca-oled9311tm-ultra-9-285h-32gb-1tb-moher-grey
"Asus Gaming V16 V3607VJ-I535B1T-HM  / Intel Core 5-210H/8GB/512GB SSD/NVIDIA GeForce RTX 3050 6GB/16"" WUXGA/Win 11 Home+OHM+M365/Matte Black/2Y",Rp 13.999.000,Intel Core 5-210H,8GB DDR5 SO-DIMM (2x DDR5 SO-DIMM slots),512GB M.2 NVMe PCIe 4.0 SSD,NVIDIA GeForce RTX 3050 6GB GDDR6,,,https://www.plazait.co.id/product/asus-gaming-v16-v3607vj-i535b1t-hm-core-5-210h-8gb-512gb-rtx-3050-6gb-matte-black
Lenovo IdeaPad Slim 3 14AMN8 - 82XN009WID /AMD Ryzen 3-7320U/8GB/512GB SSD/AMD Radeon Graphics/14″ FHD/Win 11 Home+OH24+M365/Arctic Grey/2Y,Rp 8.699.000,AMD Ryzen 3-7320U,8GB Soldered LPDDR5-5500,512GB SSD,AMD Radeon 610M Graphics,,,https://www.plazait.co.id/product/lenovo-ideapad-slim-3-14amn8-82xn009wid-ryzen-3-7320u-amd-radeon-graphics-arctic-grey
"Lenovo Legion Go 8ASP2 - 83N0000RID /AMD Ryzen Z2 Extreme/32GB/1TB SSD/AMD Radeon Graphics/8.8"" WUXGA OLED Touch/Win 11 Home/Eclipse Black/3Y",Rp 27.229.000,AMD Ryzen Z2 Extreme,32GB Soldered LPDDR5x-8000,1TB SSD,AMD Radeon Graphics,,,https://www.plazait.co.id/product/lenovo-legion-go-8asp2-83n0000rid-ryzen-z2-extreme-amd-radeon-graphics-eclipse-black
"Asus ProArt P16 H7606WM-OLEDS9311TM /AMD Ryzen AI 9 HX-370/32GB/1TB SSD/NVIDIA GeForce RTX 5060 8GB/16"" OLED/Win 11 Home+OHM+M365/Nano Black/2Y",Rp 39.999.000,AMD Ryzen AI 9 HX-370,32GB LPDDR5X on board,1TB M.2 NVMe PCIe 4.0 SSD,NVIDIA GeForce RTX 5060 8GB GDDR7,,,https://www.plazait.co.id/product/asus-proart-p16-h7606wm-oleds9311tm-ryzen-ai-9-hx-370-32gb-1tb-rtx-5060-8gb-nano-black
Asus TUF A16 FA608UM-R7N56J6G-HM /AMD Ryzen 7-260/16GB/512GB SSD/NVIDIA GeForce RTX 5060  8GB/16″ FHD+/Win 11 Home+OHM+M365/Jaeger Gray/2Y,Rp 27.199.000,AMD Ryzen 7-260,16GB DDR5-5600 SO-DIMM (2x SO-DIMM slots),512GB PCIe 4.0 NVMe M.2 SSD (2x DDR5 SO-DIMM M.2 PCIe slots),NVIDIA GeForce RTX 5060  8GB GDDR7,,,https://www.plazait.co.id/product/asus-tuf-a16-fa608um-r7n56j6g-hm-ryzen-7-260-16gb-512gb-rtx-5060-8gb-aeger-gray
"Acer Nitro Lite 16 NL16-71G 55VC /Intel Core i5-13420H/16GB/512GB SSD/RTX4050 6GB/16"" WUXGA/Win 11 Home+OH24/Pearl White",Rp 15.999.000,Intel Core i5-13420H,16GB DDR5,512GB SSD,NVIDIA GeForce RTX 4050 6GB,,,https://www.plazait.co.id/product/acer-nitro-lite-16-nl16-71g-55vc-core-i5-13420h-rtx4050-6gb-pearl-white
"Acer Aspire Lite 14 AL14-32P 3SLM /Intel Core 3 N355/16GB/512GB SSD/Intel UHD Graphics/14"" WUXGA/Win 11 Home+OH24+M365/Silver",Rp 8.599.000,Intel Core 3 N355,16GB DDR5,512GB SSD,Intel UHD Graphics,,,https://www.plazait.co.id/product/acer-aspire-lite-14-al14-32p-3slm-silver-1y
"Acer Aspire Lite 14 AL14-32P 359Z /Intel Core 3 N355/8GB/512GB SSD/Intel UHD Graphics/14"" WUXGA/Win 11 Home+OH24/Rose Sakura",Rp 5.999.000,Intel Core 3 N355,8GB DDR5,512GB SSD,Intel UHD Graphics,,,https://www.plazait.co.id/product/acer-aspire-lite-14-al14-32p-359z-core-3-n355-intel-uhd-graphics-rose-sakura
"Acer Aspire Lite 14 AL14-32P 37CE /Intel Core 3 N355/8GB/512GB SSD/Intel UHD Graphics/14"" WUXGA/Win 11 Home+OH24/Fresh Blue",Rp 5.999.000,Intel Core 3 N355,8GB DDR5,512GB SSD,Intel UHD Graphics,,,https://www.plazait.co.id/product/acer-aspire-lite-14-al14-32p-37ce-core-3-n355-intel-uhd-graphics-fresh-blue
"Acer Aspire Lite 14 AL14-32P 38RE /Intel Core 3 N355/8GB/512GB SSD/Intel UHD Graphics/14"" WUXGA/Win 11 Home+OH24/Silver",Rp 7.599.000,Intel Core 3 N355,8GB DDR5,512GB SSD,Intel UHD Graphics,,,https://www.plazait.co.id/product/acer-aspire-lite-14-al14-32p-38re-core-3-n355-intel-uhd-graphics-silver
"Acer Aspire Lite 14 AL14-32P 370Z /Intel Core 3 N355/8GB/256GB SSD/Intel UHD Graphics/14"" WUXGA/Win 11 Home+OH24/Fresh Blue",Rp 7.199.000,Intel Core 3 N355,8GB DDR5,256GB SSD,Intel UHD Graphics,,,https://www.plazait.co.id/product/acer-aspire-lite-14-al14-32p-370z-core-3-n355-intel-uhd-graphics-fresh-blue
"Acer Aspire Lite 14 AL14-32P 37SA /Intel Core 3 N355/8GB/256GB SSD/Intel UHD Graphics/14"" WUXGA/Win 11 Home+OH24/Light Silver",Rp 7.199.000,Intel Core 3 N355,8GB DDR5,256GB SSD,Intel UHD Graphics,,,https://www.plazait.co.id/product/acer-aspire-lite-14-al14-32p-37sa-core-3-n355-intel-uhd-graphics-light-silver
"Lenovo IdeaPad Slim 5 14IAH10 - 83NC001RID /Intel Core Ultra 7-255H/16GB/512GB SSD/Intel Arc Graphics/14"" WUXGA OLED/Win 11 Home+OH24+M365/Cosmic Blue/2Y",Rp 19.599.000,Intel Core Ultra 7-255H,16GB (2x 8GB SO-DIMM DDR5-5600),512GB SSD,Intel Arc Graphics 140T,,,https://www.plazait.co.id/product/lenovo-ideapad-slim-5-14iah10-83nc001rid-cosmic-blue-2y
"Acer Aspire Lite 14 AL14-32P C3HJ /Intel N150/8GB/512GB SSD/Intel UHD Graphics/14"" WUXGA/Win 11 Home+OH24/Pink",Rp 5.199.000,Intel N150,8GB DDR5,512GB SSD,Intel UHD Graphics,,,https://www.plazait.co.id/product/acer-aspire-lite-14-al14-32p-c3hj-intel-n150-intel-uhd-graphics-pink
"HP Victus 15-fb3999AX - BK6E3PA /AMD Ryzen AI 7-350/16GB/1TB SSD/RTX5060 8GB/15.6"" FHD/Win 11 Home+OH24+M365/Mica Silver/2Y",Rp 21.420.000,AMD Ryzen AI 7-350,16GB DDR5-5600,1TB SSD,NVIDIA GeForce RTX 5060 8GB,,,https://www.plazait.co.id/product/hp-victus-15-fb3999ax-bk6e3pa-mica-silver-2y
"HP Victus 15-fb3888AX - BP3W4PA /AMD Ryzen AI 5-340/16GB/1TB SSD/RTX5060 8GB/15.6"" FHD/Win 11 Home+OH24+M365/Mica Silver/2Y",Rp 19.820.000,AMD Ryzen AI 5-340,16GB DDR5-5600,1TB SSD,NVIDIA GeForce RTX 5060 8GB,,,https://www.plazait.co.id/product/hp-victus-15-fb3888ax-bp3w4pa-mica-silver-2y
"Asus ROG Strix G16 G615JHR-I7N55C6G-HM /Intel Core i7-14650HX/16GB/512GB SSD/NVIDIA GeForce RTX 5050 8GB/16"" WQXGA/Win 11 Home+OHM+M365/Eclipse Grey/2Y",Rp 31.599.000,Intel Core i7 -14650HX,16GB DDR5-5600 SO-DIMM,512GB SSD,NVIDIA GeForce RTX 5050 8GB GDDR7,,,https://www.plazait.co.id/product/asus-rog-strix-g16-g615jhr-i7n55c6g-hm-eclipse-grey
Lenovo Yoga Pro 7 14IMH9 - 83E200DYID /Intel Core Ultra 9-185H/32GB/1TB SSD/RTX4060 8GB/14.5″ 3K Touch/Win 11 Home+OH24+M365/Luna Grey/3Y,Rp 29.799.000,Intel Core Ultra 9-185H,32GB Soldered LPDDR5x-7467,1TB SSD,NVIDIA GeForce RTX 4060 8GB,,,https://www.plazait.co.id/product/lenovo-yoga-pro-7-14imh9-83e200dyid-luna-grey-3y
HP 14-ep0321TU - BD0Y7PA /Intel Core i3-1315U/8GB/512GB SSD/Intel UHD Graphics/14″ FHD/Win 11 Home+OH24+M365/Silver/2Y,Rp 8.400.000,Intel Core i3-1315U,4GB DDR4-3200(Free Upgrade to 8GB),512GB SSD,Intel UHD Graphics,,,https://www.plazait.co.id/product/hp-14-ep0321tu-bd0y7pa-intel-core-i3-1315u-4gb-512gb-ssd-intel-uhd-graphics-14-fhd-win-11-home-oh24-m365-silver-2y
"HP OmniBook 3 Next Gen AI 14-ha0336AU - C0BA8PA /AMD Ryzen AI 5-340/24GB/512GB SSD/AMD Radeon Graphics/14"" FHD/Win 11 Home+OH24+M365/Silver/2Y",Rp 12.500.000,AMD Ryzen AI 5-340,24GB LPDDR5x-7500 (onboard),512GB SSD,AMD Radeon 840M Graphics,,,https://www.plazait.co.id/product/hp-omnibook-3-next-gen-ai-14-ha0336au-c0ba8pa-silver-2y
"HP OmniBook 3 Next Gen AI 14-ha0335AU - C0BA7PA /AMD Ryzen AI 5-340/16GB/512GB SSD/AMD Radeon Graphics/14"" FHD/Win 11 Home+OH24+M365/Silver/2Y",Rp 11.700.000,AMD Ryzen AI 5-340,16GB,512GB SSD,AMD Radeon 840M Graphics,,,https://www.plazait.co.id/product/hp-omnibook-3-next-gen-ai-14-ha0335au-c0ba7pa-silver-2y
"Asus TUF  FX607VU-I545J6M-HM /Intel Core 5-210H/16GB/512GB SSD/NVIDIA GeForce RTX 4050 6GB/16"" FHD+/Win 11 Home+OHM+M365/Mecha Gray/2Y",Rp 18.999.000,Intel Core 5-210H,16GB DDR5-5600 SO-DIMM,512GB PCIe 4.0 NVMe M.2 SSD,NVIDIA GeForce RTX 4050 6GB GDDR6,,,https://www.plazait.co.id/product/asus-tuf-a16-f15-fx607vu-i545j6m-hm-mecha-gray
"HP Victus 15-fb3151AX - C0DT6PA /AMD Ryzen 7-260/16GB/512GB SSD/RTX5050 8GB/15.6"" FHD/Win 11 Home+OH24+M365/Mica Silver/2Y",Rp 19.620.000,AMD Ryzen 7-260,16GB DDR5-5600,512GB SSD,NVIDIA GeForce RTX5050 8GB,,,https://www.plazait.co.id/product/hp-victus-15-fb3151ax-c0dt6pa-mica-silver-2y
"HP Victus 15-fb3150AX - C0DM5PA /AMD Ryzen 5-240/16GB/512GB SSD/RTX5050 8GB/15.6"" FHD/Win 11 Home+OH24+M365/Mica Silver/2Y",Rp 18.320.000,AMD Ryzen 5-240,16GB DDR5-5600,512GB SSD,NVIDIA GeForce RTX5050 8GB,,,https://www.plazait.co.id/product/hp-victus-15-fb3150ax-c0dm5pa-mica-silver-2y
"Asus Vivobook 14 A1404VAP-VIPS5852M /Intel Core 5-120U/8GB/512GB SSD/Intel Graphics/14"" FHD/Win 11 Home+OHM+M365/Terra Cotta/2Y",Rp 10.790.000,Intel Core 5-120U,8GB DDR4 on board (Dual-channel memory),512GB SSD,Intel Graphics,,,https://www.plazait.co.id/product/asus-vivobook-14-a1404vap-vips5852m-terra-cotta
"Asus Vivobook 14 A1404VAP-VIPS5851M /Intel Core 5-120U/8GB/512GB SSD/Intel Graphics/14"" FHD/Win 11 Home+OHM+M365/Quiet Blue/2Y",Rp 10.790.000,Intel Core 5-120U,8GB DDR4 on board (Dual-channel memory),512GB SSD,Intel Graphics,,,https://www.plazait.co.id/product/asus-vivobook-14-a1404vap-vips5851m-quiet-blue
"Asus Vivobook 14 A1404VAP-VIPS5152M /Intel Core 5-120U/16GB/512GB SSD/Intel Graphics/14"" FHD/Win 11 Home+OHM+M365/Terra Cotta/2Y",Rp 12.590.000,Intel Core 5-120U,16GB DDR4 (8GB on board + 8GB SO-DIMM),512GB SSD,Intel Graphics,,,https://www.plazait.co.id/product/a1404vap-vips5152m-terra-cotta
"Asus Vivobook 14 A1404VAP-VIPS5151M /Intel Core 5-120U/16GB/512GB SSD/Intel Graphics/14"" FHD/Win 11 Home+OHM+M365/Quiet Blue/2Y",Rp 11.499.000,Intel Core 5-120U,16GB DDR4 (8GB on board + 8GB SO-DIMM),512GB SSD,Intel Graphics,,,https://www.plazait.co.id/product/asus-vivobook-14-a1404vap-vips5151m-quiet-blue
HP 14-ep1225TU - BR1V5PA /Intel Core Ultra 7-155H/16GB/512GB SSD/Intel Arc Graphics/14″ FHD/Win 11 Home+OH24+M365/Silver/2Y,Rp 13.200.000,Intel Core Ultra 7-155H,16GB DDR4-3200,512GB SSD,Intel Arc Graphics,,,https://www.plazait.co.id/product/hp-14-ep1225tu-br1v5pa-silver-2y
HP 14-ep0254TU - BP0S8PA /Intel Core i7-1355U/16GB/512GB SSD/Intel Iris Xe Graphics/14″ FHD/Win 11 Home+OH24+M365/Gold/2Y,Rp 12.100.000,Intel Core i7-1355U,16GB DDR4-3200,512GB SSD,Intel Iris Xe Graphics,,,https://www.plazait.co.id/product/hp-14-ep0254tu-bp0s8pa-gold-2y
HP 14-ep0253TU - BP0S7PA /Intel Core i7-1355U/16GB/512GB SSD/Intel Iris Xe Graphics/14″ FHD/Win 11 Home+OH24+M365/Blue/2Y,Rp 12.100.000,Intel Core i7-1355U,16GB DDR4-3200,512GB SSD,Intel Iris Xe Graphics,,,https://www.plazait.co.id/product/hp-14-ep0253tu-bp0s7pa-blue-2y
"Lenovo Legion 5 15IAX10 - 83F00064ID /Intel Core Ultra 7-255HX/32GB/512GB SSD/RTX5070 8GB/15.1"" WQXGA/Win 11 Home+OH24+M365/Eclipse Black/3Y",Rp 42.499.000,Intel Core Ultra 7-255HX,32GB (2x 16GB SO-DIMM DDR5-5600),512GB SSD,NVIDIA GeForce RTX5070 8GB,,,https://www.plazait.co.id/product/lenovo-legion-5-15iax10-83f00064id-eclipse-black-3y
"HP OMEN 16-ap0196AX - C0DP3PA /AMD Ryzen AI 9-365/32GB/1TB SSD/RTX5060 8GB/16"" 2K IPS/Win 11 Home+OHS24/Shadow Black/2Y",Rp 28.720.000,AMD Ryzen AI 9-365,32GB DDR5-5600,1TB SSD,NVIDIA GeForce RTX5060 8GB,,,https://www.plazait.co.id/product/hp-omen-16-ap0196ax-c0dp3pa-shadow-black-2y
"HP OMEN 16-ap0776AX - BK6K8PA /AMD Ryzen AI 7-350/16GB/1TB SSD/RTX5060 8GB/16"" 2K IPS/Win 11 Home+OHS24/Shadow Black/2Y",Rp 23.720.000,AMD Ryzen AI 7-350,16GB DDR5-5600,1TB SSD,NVIDIA GeForce RTX5060 8GB,,,https://www.plazait.co.id/product/hp-omen-16-ap0776ax-bk6k8pa-shadow-black-2y
"Lenovo Legion Pro 5 16IAX10H - 83LU001LID /Intel Core Ultra 9-275HX/32GB/1TB SSD/RTX5070 Ti 12GB/16"" WQXGA/Win 11 Home+OH24+M365/Eclipse Black/3Y",Rp 43.559.000,Intel Core Ultra 9-275HX,32GB (2x 16GB SO-DIMM DDR5-5600),1TB SSD,NVIDIA GeForce RTX5070 Ti 12GB,,,https://www.plazait.co.id/product/lenovo-legion-pro-5-16iax10h-83lu001lid-eclipse-black-3y
"Lenovo Legion 7 16IAX10 - 83KY004EID /Intel Core Ultra 9-275HX/32GB/1TB SSD/RTX5070 8GB/16"" WQXGA/Win 11 Home+OH24+M365/Glacier White/3Y",Rp 42.569.000,Intel Core Ultra 9-275HX,32GB (2x 16GB SO-DIMM DDR5-5600),1TB SSD,NVIDIA GeForce RTX5070 8GB,,,https://www.plazait.co.id/product/lenovo-legion-7-16iax10-83ky004eid-glacier-white-3y
"Lenovo Legion 5 15IAX10 - 83F00065ID /Intel Core Ultra 7-255HX/32GB/512GB SSD/RTX5060 8GB/15.1"" WQXGA/Win 11 Home+OH24+M365/Eclipse Black/3Y",Rp 38.499.000,Intel Core Ultra 7-255HX,32GB (2x 16GB SO-DIMM DDR5-5600),512GB SSD,NVIDIA GeForce RTX5060 8GB,,,https://www.plazait.co.id/product/lenovo-legion-5-15iax10-83f00065id-eclipse-black-3y
"Asus Zenbook 14 UM3406KA-OLED7151M /AMD Ryzen AI 7-350/16GB/512GB SSD/AMD Radeon Graphics/14"" OLED/Win 11 Home+OHS+M365/Jade Black/3Y",Rp 18.599.000,AMD Ryzen AI 7 350,16GB LPDDR5X on board,512GB SSD,AMD Radeon Graphics,,,https://www.plazait.co.id/product/asus-zenbook-14-um3406ka-oled7151m-jade-black
"Asus TUF A16 FA608PP-R9N57G6G-HM /AMD Ryzen 9-8940HX/16GB/1TB SSD/NVIDIA GeForce RTX 5070 8GB/16"" WQXGA/Win 11 Home+OHM+M365/Jeager Grey/2Y",Rp 31.499.000,AMD Ryzen 9-8940HX,16GB (8GBx2 DDR5-5600 SO-DIMM),1TB  SSD,NVIDIA GeForce RTX 5070 8GB GDDR7,,,https://www.plazait.co.id/product/asus-tuf-a16-fa608pp-r9n57g6g-hm-jeager-grey
"HP OmniBook 5 Flip 14-fp0775TU - BR4F4PA /Intel Core 7-150U/16GB/512GB SSD/Intel Graphics/14"" 2K Touch/Win 11 Home+OHS24/Silver/2Y",Rp 18.675.000,Intel Core 7-150U,16GB LPDDR5-5200 (onboard),512GB SSD,Intel Graphics,,,https://www.plazait.co.id/product/hp-omnibook-5-flip-14-fp0775tu-br4f4pa-silver-2y
"HP OmniBook 5 Flip 14-fp0557TU - BR4F3PA /Intel Core 5-120U/16GB/512GB SSD/Intel Graphics/14"" 2K Touch/Win 11 Home+OHS24/Blue/2Y",Rp 15.400.000,Intel Core 5-120U,16GB LPDDR5-5200 (onboard),512GB SSD,Intel Graphics,,,https://www.plazait.co.id/product/hp-omnibook-5-flip-14-fp0557tu-br4f3pa-blue-2y
"HP OmniBook 5 Flip 14-fp0556TU - BR4G1PA /Intel Core 5-120U/16GB/512GB SSD/Intel Graphics/14"" 2K Touch/Win 11 Home+OHS24/Silver/2Y",Rp 15.400.000,Intel Core 5-120U,16GB LPDDR5-5200 (onboard),512GB SSD,Intel Graphics,,,https://www.plazait.co.id/product/hp-omnibook-5-flip-14-fp0556tu-br4g1pa-silver-2y
"Lenovo Legion Pro 5 16IRX10 - 83NN0054ID /Intel Core i9-14900HX/32GB/1TB SSD/RTX5060 8GB/16"" WQXGA/Win 11 Home+OH24+M365/Eclipse Black/3Y",Rp 32.999.000,Intel Core i9-14900HX,32GB (2x 16GB SO-DIMM DDR5-5600),1TB SSD,NVIDIA GeForce RTX5060 8GB,,,https://www.plazait.co.id/product/lenovo-legion-pro-5-16irx10-83nn0054id-eclipse-black-3y
"Asus Vivoobook S14 OLED S3407QA-OLEDP151M /Snapdragon X X1 26 100/16GB/512GB SSD/Qualcomm Adreno GPU/14"" FHD/Win 11 Home+OHM+M365/Matte Gray/2Y",Rp 14.499.000,Snapdragon X X1 26 100,16GB LPDDR5X on board,512GB SSD,Qualcomm Adreno GPU,,,https://www.plazait.co.id/product/asus-vivoobook-s14-oled-s3407qa-oledp151m-matte-gray
"HP Victus 15-fb3704AX - BE5M1PA /AMD Ryzen 5-8645HS/16GB/512GB SSD/RTX3050 6GB/15.6"" FHD/Win 11 Home+OHS24/Mica Silver/2Y",Rp 11.199.000,AMD Ryzen 5-8645HS,16GB DDR5-5600,512GB SSD,NVIDIA GeForce RTX 3050 6GB,,,https://www.plazait.co.id/product/hp-victus-15-fb3704ax-be5m1pa-mica-silver-2y
HP OmniBook X 14-fe0333QU - A9RM7PA /Snapdragon X Elite/16GB/1TB SSD/Qualcomm Adreno GPU/14″ 2.2K IPS Touch/Win 11 Home+OHS21/Meteor Silver/2Y,Rp 18.870.000,Snapdragon X Elite X1E-78-100,16GB LPDDR5x-8448 (onboard),1TB SSD,Qualcomm Adreno GPU,,,https://www.plazait.co.id/product/hp-omnibook-x-14-fe0333qu-a9rm7pa-meteor-silver-2y
"Asus TUF F16 FX608JMR-I7N56J7G-HM /Intel Core i7-14650HX/16GB/1TB SSD/NVIDIA GeForce RTX 5060 8GB/16"" FHD+/Win 11 Home+OHS+M365/Jaeger Gray/2Y",Rp 27.599.000,Intel Core i7-14650HX,16GB DDR5-5600 SO-DIMM,1TB SSD,NVIDIA GeForce RTX 5060 8GB,,,https://www.plazait.co.id/product/asus-tuf-f16-fx608jmr-i7n56j7g-hm-jaeger-gray
"Asus ROG Zephyrus G14 GA403UH-R9N55OL6G-HM /AMD Ryzen 9-270/32GB/1TB SSD/NVIDIA GeForce RTX 5050 8GB/14"" OLED/Win 11 Home+OHM+M365/Eclipse Grey/2Y",Rp 33.660.000,AMD Ryzen 9-270,32GB LPDDR5X,1TB SSD,NVIDIA GeForce RTX 5050 8GB GDDR7,,,https://www.plazait.co.id/product/asus-rog-zephyrus-g14-ga403uh-r9n55ol6g-hm-eclipse-grey
"Asus ROG Strix G16 G615LH-I7N55C6G-HM /Intel Core Ultra 7-255HX/16GB/512GB SSD/NVIDIA GeForce RTX 5050 8GB/16"" WQXGA/Win 11 Home+OHM+M365/Eclipse Grey/2Y",Rp 29.699.000,Intel Core Ultra 7-255HX,16GB DDR5-5600 SO-DIMM,512GB SSD,NVIDIA GeForce RTX 5050 8GB GDDR7,,,https://www.plazait.co.id/product/asus-rog-strix-g16-g615lh-i7n55c6g-hm-eclipse-grey
"Asus ROG Strix G16 G614PH-R9N55C6G-HM /AMD Ryzen 9-8940HX/16GB/512GB SSD/NVIDIA GeForce RTX 5050 8GB/16"" WQXGA/Win 11 Home+OHM+M365/Eclipse Grey/2Y",Rp 27.699.000,AMD Ryzen 9-8940HX,16GB DDR5-5200 SO-DIMM,512GB  SSD,NVIDIA GeForce RTX 5050 8GB GDDR7,,,https://www.plazait.co.id/product/asus-rog-strix-g16-g614ph-r9n55c6g-hm-eclipse-grey
"Lenovo Yoga Slim 7 14ILL10 - 83JX006DID /Intel Core Ultra 7-258V/32GB/1TB SSD/Intel Arc Graphics/14"" 2.8K OLED Touch/Win 11 Home+OH24+M365/Luna Grey/3Y",Rp 22.769.000,Intel Core Ultra 7-258V,32GB Soldered LPDDR5x-8533,1TB SSD,Intel Arc Graphics 140V,,,https://www.plazait.co.id/product/lenovo-yoga-slim-7-14ill10-83jx006did-luna-grey-3y
"Lenovo Yoga 7 2-in-1 14ILL10 - 83JQ007CID /Intel Core Ultra 7-258V/32GB/1TB SSD/Intel Arc Graphics/14"" 2.8K OLED Touch/Win 11 Home+OH24+M365/Seashell/3Y",Rp 26.499.000,Intel Core Ultra 7-258V,32GB Soldered LPDDR5x-8533,1TB SSD,Intel Arc Graphics 140V,,,https://www.plazait.co.id/product/lenovo-yoga-7-2-in-1-14ill10-83jq007cid-intel-core-ultra-7-258v32gb1tb-ssdintel-arc-graphics14-28k-oled-touchwin-11-homeoh24m365seashell3y
"HP 240 G9 - A9VA2AT /Intel Core i5-1235U/8GB/256GB SSD/Intel UHD Graphics/14"" HD/Win 11 Home/Dark Ash Silver/1Y",Rp 6.600.000,Intel Core i5-1235U,8GB DDR4-3200,256GB SSD,Intel UHD Graphics,,,https://www.plazait.co.id/product/hp-240-g9-a9va2at-dark-ash-silver-1y
"HP Victus 15-fa2883TX - B7NL5PA /Intel Core i7-13620H/16GB/512GB SSD/RTX4050 6GB/15.6"" FHD/Win 11 Home+OH24+M365/Mica Silver/2Y",Rp 16.800.000,Intel Core i7-13620H,16GB DDR4-3200,512GB SSD,NVIDIA GeForce RTX4050 6GB,,,https://www.plazait.co.id/product/hp-victus-15-fa2883tx-b7nl5pa-mica-silver-2y
"HP Victus 15-fa2716TX - B7WA6PA /Intel Core i5-13420H/16GB/512GB SSD/RTX3050 6GB/15.6"" FHD/Win 11 Home+OH24+M365/Mica Silver/2Y",Rp 12.600.000,Intel Core i5-13420H,16GB DDR4-3200,512GB SSD,NVIDIA GeForce RTX3050 6GB,,,https://www.plazait.co.id/product/hp-victus-15-fa2716tx-b7wa6pa-mica-silver-2y
Asus Gaming V16 V3607VH-I7N55B6T-HM /Intel Core 7-240H/16GB/512GB SSD/NVIDIA GeForce RTX 5050 8GB/16″ WUXGA/Win 11 Home+OHM+M365/Matte Black/2Y,Rp 20.499.000,Intel Core 7-240H,16GB DDR5 SO-DIMM,512GB SSD,NVIDIA GeForce RTX 5050 8GB GDDR7,,,https://www.plazait.co.id/product/asus-gaming-v16-v3607vh-i7n55b6t-hm-matte-black
"Lenovo Legion Pro 7 16IAX10H - 83F50090ID /Intel Core Ultra 9-275HX/32GB/1TB SSD/RTX5090 24GB/16"" WQXGA/Win 11 Home+OH24+M365/Eclipse Black/3Y",Rp 84.149.000,Intel Core Ultra 9-275HX,32GB (2x 16GB CSODIMM DDR5-6400),1TB SSD,NVIDIA GeForce RTX5090 24GB,,,https://www.plazait.co.id/product/lenovo-legion-pro-7-16iax10h-83f50090id-eclipse-black-3y
"Lenovo Legion Pro 7 16IAX10H - 83F5008YID /Intel Core Ultra 9-275HX/32GB/1TB SSD/RTX5080 16GB/16"" WQXGA/Win 11 Home+OH24+M365/Eclipse Black/3Y",Rp 69.299.000,Intel Core Ultra 9-275HX,32GB (2x 16GB CSODIMM DDR5-6400),1TB SSD,NVIDIA GeForce RTX5080 16GB,,,https://www.plazait.co.id/product/lenovo-legion-pro-7-16iax10h-83f5008yid-eclipse-black-3y
"Lenovo Legion Pro 5 16IAX10 - 83F30039ID /Intel Core Ultra 7-255HX/32GB/1TB SSD/RTX5070 8GB/16"" WQXGA/Win 11 Home+OH24+M365/Eclipse Black/3Y",Rp 37.999.000,Intel Core Ultra 7-255HX,32GB (2x 16GB SO-DIMM DDR5-5600),1TB SSD,NVIDIA GeForce RTX5070 8GB,,,https://www.plazait.co.id/product/lenovo-legion-pro-5-16iax10-83f30039id-eclipse-black-3y
"Lenovo Legion Pro 5 16IAX10 - 83F30035ID /Intel Core Ultra 7-255HX/16GB/1TB SSD/RTX5060 8GB/16"" WQXGA/Win 11 Home+OH24+M365/Eclipse Black/3Y",Rp 32.999.000,Intel Core Ultra 7-255HX,16GB SO-DIMM DDR5-5600,1TB SSD,NVIDIA GeForce RTX5060 8GB,,,https://www.plazait.co.id/product/lenovo-legion-pro-5-16iax10-83f30035id-eclipse-black-3y
"Asus Zenbook S16 UM5606WA-OLEDS9312TM /AMD Ryzen AI 9 HX-370/32GB/1TB SSD/AMD Radeon 890M Graphics/16"" OLED Touch/Win 11 Home+OHM+M365/Scandinavian White/2Y",Rp 27.440.000,AMD Ryzen AI 9 HX 370,32GB LPDDR5X on board,1TB SSD,AMD Radeon 890M Graphics,,,https://www.plazait.co.id/product/asus-zenbook-s16-um5606wa-oleds9312tm
"Asus Zenbook S16 UM5606WA-OLEDS9311TM /AMD Ryzen AI 9 HX-370/32GB/1TB SSD/AMD Radeon 890M Graphics/16"" OLED Touch/Win 11 Home+OHM+M365/Zumaia Gray/2Y",Rp 27.440.000,AMD Ryzen AI 9 HX 370,32GB LPDDR5X on board,1TB SSD,AMD Radeon 890M Graphics,,,https://www.plazait.co.id/product/asus-zenbook-s16-um5606wa-oleds9311tm-zumaia-gray
"Asus Gaming V16 V3607VM-I7N56B6T-HM /Intel Core 7 240H/16GB/512GB SSD/NVIDIA GeForce RTX 5060 8GB/16"" WUXGA/Win 11 Home+OHM+M365/Matte Black/2Y",Rp 21.399.000,Intel Core 7-240H,"16GB DDR5 SO-DIMM, 2x DDR5 SO-DIMM slots",512GB SSD,NVIDIA GeForce RTX 5060 8GB GDDR7,,,https://www.plazait.co.id/product/asus-gaming-v16-v3607vm-i7n56b6t-hm-matte-black
"Asus ROG Zephyrus G14 GA403WM-R9N56OL6G-HM /AMD Ryzen AI 9 HX 370/32GB/1TB SSD/NVIDIA GeForce RTX 5060 8GB/14"" OLED/Win 11 Home+OHM+M365/Eclipse Gray/2Y",Rp 38.610.000,AMD Ryzen AI 9 HX 370,32GB LPDDR5X 7500 on board,1TB SSD,NVIDIA GeForce RTX 5060 8GB GDDR7,,,https://www.plazait.co.id/product/asus-rog-zephyrus-g14-ga403wm-r9n56ol6g-hm-eclipse-gray
"Asus TUF F16 FX608JPR-I757G9G-HM /Intel Core i7-14650HX/32GB/1TB SSD/NVIDIA GeForce RTX 5070 8GB/16"" WQXGA/Win 11 Home+OHS+M365/Jaeger Gray/2Y",Rp 28.710.000,Intel Core i7-14650HX,32GB (16GB DDR5-5600 SO-DIMM x 2),1TB SSD,NVIDIA GeForce RTX 5070 8GB,,,https://www.plazait.co.id/product/asus-tuf-f16-fx608jpr-i757g9g-hm-jaeger-gray
"Asus TUF F16 FX608JMR-I7N56J6G-HM /Intel Core i7-14650HX/16GB/1TB SSD/NVIDIA GeForce RTX 5060 8GB/16"" FHD+/Win 11 Home+OHS+M365/Jaeger Gray/2Y",Rp 25.245.000,Intel Core i7-14650HX,16GB DDR5-5600 SO-DIMM,1TB SSD,NVIDIA GeForce RTX 5060 8GB,,,https://www.plazait.co.id/product/asus-tuf-f16-fx608jmr-i7n56j6g-hm-jaeger-gray
"Asus TUF A14 FA401KM-R7N56G6G-HM /AMD Ryzen AI 7-350/32GB/1TB SSD/NVIDIA GeForce RTX 5060 8GB/14"" WQXGA/Win 11 Home+OHS+M365/Jaeger Gray/2Y",Rp 28.699.000,AMD Ryzen AI 7-350,32GB (16GB*2 LPDDR5X 7500 on board),1TB SSD,NVIDIA GeForce RTX 5060 8GB,,,https://www.plazait.co.id/product/asus-tuf-a14-fa401km-r7n56g6g-hm-jaeger-gray
"Asus Creator N6506CU-OLEDS9211M /Intel Core Ultra 9-285H/24GB/1TB SSD/NVIDIA GeForce RTX 4050/15.6"" OLED/Win 11 Home+OHM+M365/Earl Grey/2Y",Rp 26.999.000,Intel Core Ultra 9-285H,24GB ( 8GB + 16GB DDR5 SO-DIMM ),1TB  SSD,NVIDIA GeForce RTX 4050,,,https://www.plazait.co.id/product/asus-creator-n6506cu-oleds9211m-earl-grey
"Asus Vivobook S14 OLED S5406SA-OLEDS7313M /Intel Core Ultra 7-256V/32GB/1TB SSD/Intel Arc Graphics/14"" OLED/Win 11 Home+OHM+M365/Rose Gold/2Y",Rp 20.499.000,Intel Core Ultra 7-256V,32GB LPDDR5X Onboard,1TB SSD,Intel Arc Graphics,,,https://www.plazait.co.id/product/asus-vivobook-s14-oled-s5406sa-oleds7313m-rose-gold
"Asus Vivobook Go 14 E1404GA-FHD3853M /Intel Core i3-N305/8GB/512GB SSD/Intel UHD Graphics/14"" FHD/Win 11 Home+OHM+M365/Cool Silver/2Y",Rp 8.199.000,Intel Core i3-N305,8GB DDR4 on board,512GB SSD,Intel UHD Graphics,,,https://www.plazait.co.id/product/asus-vivobook-go-14-e1404ga-fhd3853m-cool-silver
"Asus Vivobook Go 14 E1404GA-FHD3852M /Intel Core i3-N305/8GB/512GB SSD/Intel UHD Graphics/14"" FHD/Win 11 Home+OHM+M365/Green Grey/2Y",Rp 8.199.000,Intel Core i3-N305,8GB DDR4 on board,512GB SSD,Intel UHD Graphics,,,https://www.plazait.co.id/product/asus-vivobook-go-14-e1404ga-fhd3852m-green-grey
"Asus Vivobook Go 14 E1404GA-FHD3851M /Intel Core i3-N305/8GB/512GB SSD/Intel UHD Graphics/14"" FHD/Win 11 Home+OHM+M365/Mixed Black/2Y",Rp 8.199.000,Intel Core i3-N305,8GB DDR4 on board,512GB SSD,Intel UHD Graphics,,,https://www.plazait.co.id/product/asus-vivobook-go-14-e1404ga-fhd3851m-mixed-black
"Asus Vivobook 14 M1405YA-VIPS7152M /AMD Ryzen 7-7730U/16GB/512GB SSD/AMD Radeon Graphics/14"" WUXGA/Win 11 Home+OHM+M365/Cool Silver/2Y",Rp 11.999.000,AMD Ryzen 7-7730U,16GB DDR4 on board (8GB DDR4 on board+8GB DDR4 SO-DIMM),512GB SSD,AMD Radeon Graphics,,,https://www.plazait.co.id/product/asus-vivobook-14-m1405ya-vips7152m-cool-silver
"Asus Vivobook 14 M1405YA-VIPS7151M /AMD Ryzen 7-7730U/16GB/512GB SSD/AMD Radeon Graphics/14"" WUXGA/Win 11 Home+OHM+M365/Indie Black/2Y",Rp 11.999.000,AMD Ryzen 7-7730U,16GB DDR4 on board (8GB DDR4 on board+8GB DDR4 SO-DIMM),512GB SSD,AMD Radeon Graphics,,,https://www.plazait.co.id/product/asus-vivobook-14-m1405ya-vips7151m-indie-black
"Asus ExpertBook P1 AI PC P1403CVA-S63850WS /Intel Core i3-1315U/8GB/512GB SSD/ Intel UHD Graphics/14"" FHD/Win 11 Home+OHS+M365/Misty Grey/3Y",Rp 7.920.000,Intel Core i3-1315U,8GB DDR5 SO-DIMM,512GB SSD,Intel UHD Graphics,,,https://www.plazait.co.id/product/asus-expertbook-p1-ai-pc-p1403cva-s63850ws-i3-1315u-misty-grey
Asus ROG Strix G615LM-I9N56C6G-HM /Intel Core Ultra 9-275HX/32GB/1TB SSD/NVIDIA GeForce RTX 5060 8GB/16″ WQXGA/Win 11 Home+OHM+M365/Eclipse Gray/2Y,Rp 36.699.000,Intel Core Ultra 9-275HX,32GB (16GB DDR5-5600 SO-DIMM x 2),1TB SSD,NVIDIA GeForce RTX 5060 8GB GDDR7,,,https://www.plazait.co.id/product/asus-rog-strix-g615lm-i9n56c6g-hm-eclipse-gray
Asus ROG Strix G16 G615LR-I9NT7C6G-HM /Intel Core Ultra 9-275HX/32GB/2TB SSD/NVIDIA GeForce RTX 5070 Ti 12GB/16″ WQXGA/Win 11 Home+OHM+M365/Eclipse Gray/2Y,Rp 47.500.000,Intel Core Ultra 9-275HX,32GB (16GB DDR5-5600 SO-DIMM x 2),2TB SSD,NVIDIA GeForce RTX 5070 Ti 12GB GDDR7,,,https://www.plazait.co.id/product/asus-rog-strix-g16-g615lr-i9nt7c6g-hm-eclipse-gray
Asus ROG Strix G615LP-I957C6G-HM /Intel Core Ultra 9-275HX/32GB/1TB SSD/NVIDIA GeForce RTX 5070 8GB/16″ WQXGA/Win 11 Home+OHM+M365/Eclipse Gray/2Y,Rp 36.630.000,Intel Core Ultra 9-275HX,32GB (16GB DDR5-5600 SO-DIMM x 2),1TB SSD,"NVIDIA GeForce RTX 5070, 8GB GDDR7",,,https://www.plazait.co.id/product/asus-rog-strix-g615lp-i957c6g-hm-eclipse-gray
"Asus Vivobook S14 S3407QA-IPSP152M /Snapdragon X X1 26 100/16GB/512GB SSD/Qualcomm Adreno/14"" WQXGA/Win 11 Home+OHM+M365/Cool Silver/2Y",Rp 10.999.000,Snapdragon X X1 26 100,16GB LPDDR5X on board,512GB SSD,Qualcomm Adreno,,,https://www.plazait.co.id/product/asus-vivobook-s14-s3407qa-ipsp152m-cool-silver
"Asus Vivobook S14 S3407QA-IPSP151M /Snapdragon X X1 26 100/16GB/512GB SSD/Qualcomm Adreno/14"" WQXGA/Win 11 Home+OHM+M365/Matte Gray/2Y",Rp 10.999.000,Snapdragon X X1 26 100,16GB LPDDR5X on board,512GB SSD,Qualcomm Adreno,,,https://www.plazait.co.id/product/asus-vivobook-s14-s3407qa-ipsp151m-matte-gray
"Asus Vivobook Go 15 E1504FA-VIPS5153M /AMD Ryzen 5-7520U/16GB/512GB SSD/AMD Radeon Graphics/15.6"" FHD/Win 11 Home+OHM+M365/Cool Silver/2Y",Rp 8.800.000,AMD Ryzen 5-7520U,16GB LPDDR5 on board,512GB SSD,AMD Radeon Graphics,,,https://www.plazait.co.id/product/asus-vivobook-go-15-e1504fa-vips5153m-cool-silver
"Asus Vivobook Go 15 E1504FA-VIPS5152M /AMD Ryzen 5-7520U/16GB/512GB SSD/AMD Radeon Graphics/15.6"" FHD/Win 11 Home+OHM+M365/Green Grey/2Y",Rp 8.800.000,AMD Ryzen 5-7520U,16GB LPDDR5 on board,512GB SSD,AMD Radeon Graphics,,,https://www.plazait.co.id/product/asus-vivobook-go-15-e1504fa-vips5152m-green-grey
"Asus Vivobook Go 15 E1504FA-VIPS5151M /AMD Ryzen 5-7520U/16GB/512GB SSD/AMD Radeon Graphics/15.6"" FHD/Win 11 Home+OHM+M365/Mixed Black/2Y",Rp 8.800.000,AMD Ryzen 5-7520U,16GB LPDDR5 on board,512GB SSD,AMD Radeon Graphics,,,https://www.plazait.co.id/product/asus-vivobook-go-15-e1504fa-vips5151m-mixed-black
Asus ROG Strix G16 G614PM-R9N56C6G-HM /AMD Ryzen 9-8940HX/16GB/1TB SSD/NVIDIA GeForce RTX 5060 8GB/16″ WQXGA/Win 11 Home+OHM+M365/Eclipse Gray/2Y,Rp 30.999.000,AMD Ryzen 9-8940HX,16GB DDR5-5200 (2x SO-DIMM slots),1TB SSD,NVIDIA GeForce RTX 5060 8GB GDDR7,,,https://www.plazait.co.id/product/asus-rog-strix-g16-g614pm-r9n56c6g-hm-eclipse-gray
Asus ROG Strix G18 G815LM-I9N56C6G-HM /Intel Core Ultra 9-275HX/32GB/1TB SSD/NVIDIA GeForce RTX 5060 8GB/18″ WQXGA/Win 11 Home+OHM+M365/Eclipse Gray/2Y,Rp 37.620.000,Intel Core Ultra 9-275HX,32GB (16GB DDR5-5600 SO-DIMM x 2),1TB SSD,"NVIDIA GeForce RTX 5060, 8GB GDDR7",,,https://www.plazait.co.id/product/asus-rog-strix-g18-g815lm-i9n56c6g-hm-eclipse-gray
"Asus ROG Strix G16 G614PR-R9NT7C6G-HM /AMD Ryzen 9-8940HX/16GB/1TB SSD/NVIDIA GeForce RTX 5070 Ti 12GB/16"" FHD+/Win 11 Home+OHM+M365/Eclipse Gray/2Y",Rp 29.700.000,AMD Ryzen 9-8940HX,16GB DDR5-5200 SO-DIMM,1TB SSD,NVIDIA GeForce RTX 5070 Ti 12GB GDDR7,,,https://www.plazait.co.id/product/asus-rog-strix-g16-g614pr-r9nt7c6g-hm-eclipse-gray
"Asus ROG Zephyrus G16 GU605CR-I9NT7OL6G-HM /Intel Core Ultra 9-285H/32GB/2TB SSD/NVIDIA GeForce RTX 5070 8GB/16"" WQXGA/Win 11 Home+OHM+M365/Eclipse Gray/2Y",Rp 55.440.000,Intel Core Ultra 9-285H,32GB LPDDR5X 7467 on board,2TB SSD,"NVIDIA GeForce RTX 5070 Ti Laptop GPU, 12GB GDDR7",,,https://www.plazait.co.id/product/asus-rog-zephyrus-g16-gu605cr-i9nt7ol6g-hm-eclipse-gray
"Asus ROG Zephyrus G16 GU605CP-I9N57OL6G-HM /Intel Core Ultra 9-285H/32GB/2TB SSD/NVIDIA GeForce RTX 5070 8GB/16"" WQXGA/Win 11 Home+OHM+M365/Eclipse Gray/2Y",Rp 46.530.000,Intel Core Ultra 9-285H,32GB LPDDR5X 7467 on board,2TB SSD,NVIDIA GeForce RTX 5070 8GB GDDR7,,,https://www.plazait.co.id/product/asus-rog-zephyrus-g16-gu605cp-i9n57ol6g-hm-eclipse-gray
"Asus ROG Zephyrus G14 GA403WR-R9NT7OL6G-HM /AMD Ryzen AI 9 HX-370/32GB/2TB SSD/NVIDIA GeForce RTX 5070 12GB/14"" OLED/Win 11 Home+OHM+M365/Eclipse Grey/2Y",Rp 48.510.000,AMD Ryzen AI 9 HX-370,32GB LPDDR5X 8000 on board,2TB SSD,NVIDIA GeForce RTX 5070 Ti 12GB GDDR7,,,https://www.plazait.co.id/product/asus-rog-zephyrus-g14-ga403wr-r9nt7ol6g-hm-eclipse-grey
"Lenovo IdeaPad 5 2-in-1 14IAL10 - 83KR0038ID /Intel Core Ultra 5-225U/16GB/512GB SSD/Intel Graphics/14"" WUXGA Touch/Win 11 Home+OH24+M365/Luna Grey/2Y",Rp 17.499.000,Intel Core Ultra 5-225U,16GB Soldered LPDDR5x-8000,512GB SSD,Intel Graphics,,,https://www.plazait.co.id/product/lenovo-ideapad-5-2-in-1-14ial10-83kr0038id-luna-grey-2y
"Lenovo IdeaPad 5 2-in-1 14IAL10 - 83KR0037ID /Intel Core Ultra 5-225U/16GB/512GB SSD/Intel Graphics/14"" WUXGA Touch/Win 11 Home+OH24+M365/Cosmic Blue/2Y",Rp 17.499.000,Intel Core Ultra 5-225U,16GB Soldered LPDDR5x-8000,512GB SSD,Intel Graphics,,,https://www.plazait.co.id/product/lenovo-ideapad-5-2-in-1-14ial10-83kr0037id-cosmic-blue-2y
"Asus Vivobook 14 M1407KA-VIPS5153M /AMD Ryzen AI 5-340/16GB/512GB SSD/AMD Radeon Graphics/14"" WUXGA/Win 11 Home+OHM+M365/Cool Silver/2Y",Rp 11.399.000,AMD Ryzen AI 5-340,16GB DDR5 on board,512GB SSD,AMD Radeon Graphics,,,https://www.plazait.co.id/product/asus-vivobook-14-m1407ka-vips5153m-cool-silver
"Asus Vivobook 14 M1407KA-VIPS5151M /AMD Ryzen AI 5-340/16GB/512GB SSD/AMD Radeon Graphics/14"" WUXGA/Win 11 Home+OHM+M365/Quiet Blue/2Y",Rp 11.399.000,AMD Ryzen AI 5-340,16GB DDR5 on board,512GB SSD,AMD Radeon Graphics,,,https://www.plazait.co.id/product/asus-vivobook-14-m1407ka-vips5151m-quiet-blue
Lenovo IdeaPad Slim 3 14IRH10 - 83K0007FID /Intel Core i7-13620H/16GB/512GB SSD/Intel UHD Graphics/14″ WUXGA IPS/Win 11 Home+OH24+M365/Cosmic Blue/2Y,Rp 16.999.000,Intel Core i7-13620H,16GB DDR5-4800,512GB SSD,Intel UHD Graphics,,,https://www.plazait.co.id/product/lenovo-ideapad-slim-3-14irh10-83k0007fid-cosmic-blue-2y
Lenovo IdeaPad Slim 3 14IRH10 - 83K0007GID /Intel Core i7-13620H/16GB/512GB SSD/Intel UHD Graphics/14″ WUXGA IPS/Win 11 Home+OH24+M365/Luna Grey/2Y,Rp 16.999.000,Intel Core i7-13620H,16GB DDR5-4800,512GB SSD,Intel UHD Graphics,,,https://www.plazait.co.id/product/lenovo-ideapad-slim-3-14irh10-83k0007gid-luna-grey-2y
"Asus Vivobook 14 M1407KA-VIPS5152M /AMD Ryzen AI 5-340/16GB/512GB SSD/AMD Radeon Graphics/14"" FHD/Win 11 Home+OHS+M365/Platinum Gold/2Y",Rp 11.399.000,AMD Ryzen AI 5-340,16GB DDR5 on board,512GB SSD,AMD Radeon Graphics,,,https://www.plazait.co.id/product/asus-vivobook-14-m1407ka-vips5152m-platinum-gold
Lenovo IdeaPad Slim 3 14IRU8 - 82X6005PID /Intel Core i3-1315U/8GB/512GB SSD/Intel UHD Graphics/14″ FHD TN/Win 11 Home+OH24+M365/Arctic Grey/2Y,Rp 9.299.000,Intel Core i3-1315U,8GB Soldered LPDDR5-4800,512GB SSD,Intel UHD Graphics,,,https://www.plazait.co.id/product/lenovo-ideapad-slim-3-14iru8-82x6005pid-intel-core-i3-1315u8gb512gb-ssdintel-uhd-graphics14-fhd-tnwin-11-homeoh24m365arctic-grey2y
"HP Probook 440 G11 - A6RC8PT /Intel Core Ultra 5-125U/16GB/512GB SSD/Intel Graphics/14"" WUXGA IPS/Windows 11 Pro/Silver/3Y",Rp 18.810.000,Intel Core Ultra 5-125U,16GB DDR4-3200,512GB SSD,Intel Graphics,,,https://www.plazait.co.id/product/hp-probook-440-g11-a6rc8pt-silver-3y
"Asus Vivobook S14 Flip TN3402YA-VIPS558M /AMD Ryzen 5-7430U/16GB/512GB SSD/AMD Radeon Graphics/14"" WUXGA Touch/Win 11 Home+OHS+M365/Quiet Blue/2Y",Rp 10.889.000,AMD Ryzen 5-7430,16GB (8GB DDR4 on board + 8GB DDR4 SO-DIMM),512GB SSD,AMD Radeon Graphics,,,https://www.plazait.co.id/product/asus-vivobook-s14-flip-tn3402ya-vips558m-quiet-blue
"Asus Vivobook 14 A1407QA-VIPSP153M /Snapdragon X X1 26 100/16GB/512GB SSD/Qualcomm Adreno/14"" WUXGA/Win 11 Home+OHS+M365/Cool Silver/2Y",Rp 11.999.000,Snapdragon X X1 26 100,16GB DDR5 on board,512GB SSD,Qualcomm Adreno GPU,,,https://www.plazait.co.id/product/asus-vivobook-14-a1407qa-vipsp153m-cool-silver
"Asus Vivobook 14 A1407QA-VIPSP152M /Snapdragon X X1 26 100/16GB/512GB SSD/Qualcomm Adreno/14"" WUXGA/Win 11 Home+OHS+M365/Platinum Gold/2Y",Rp 11.999.000,Snapdragon X X1 26 100,16GB DDR5 on board,512GB SSD,Qualcomm Adreno GPU,,,https://www.plazait.co.id/product/asus-vivobook-14-a1407qa-vipsp152m-platinum-gold
"Asus Vivobook 14 A1407QA-VIPSP151M /Snapdragon X X1 26 100/16GB/512GB SSD/Qualcomm Adreno /14"" WUXGA/Win 11 Home+OHS+M365/Quiet Blue/2Y",Rp 11.999.000,Snapdragon X X1 26 100,16GB DDR5 on board,512GB SSD,Qualcomm Adreno GPU,,,https://www.plazait.co.id/product/asus-vivobook-14-a1407qa-vipsp151m-quiet-blue
"Asus VivoBook Go 14 E1404FA-VIPS5853M /AMD Ryzen 5-7520U/8GB/512GB SSD/AMD Radeon Graphics/14"" FHD/Win 11 Home+OHS+M365/Cool Silver/2Y",Rp 9.959.000,AMD Ryzen 5-7520U,8GB LPDDR5 on board,512GB SSD,AMD Radeon Graphics,,,https://www.plazait.co.id/product/asus-vivobook-go-14-e1404fa-vips5853m-cool-silver
"Asus VivoBook Go 14 E1404FA-VIPS5852M /AMD Ryzen 5-7520U/8GB/512GB SSD/AMD Radeon Graphics/14"" FHD/Win 11 Home+OHS+M365/Green Grey/2Y",Rp 9.959.000,AMD Ryzen 5-7520U,8GB LPDDR5 on board,512GB SSD,AMD Radeon Graphics,,,https://www.plazait.co.id/product/asus-vivobook-go-14-e1404fa-vips5852m-green-grey
"Asus VivoBook Go 14 E1404FA-VIPS5851M /AMD Ryzen 5-7520U/8GB/512GB SSD/AMD Radeon Graphics/14"" FHD/Win 11 Home+OHS+M365/Mixed Black/2Y",Rp 9.959.000,AMD Ryzen 5-7520U,8GB LPDDR5 on board,512GB SSD,AMD Radeon Graphics,,,https://www.plazait.co.id/product/asus-vivobook-go-14-e1404fa-vips5851m-mixed-black
"Asus VivoBook Go 15 E1504FA-VIPS3153M /AMD Ryzen 3-7320U/16GB/512GB SSD/AMD Radeon Graphics/15.6"" FHD/Win 11 Home+OHM+M365/Green Gray/2Y",Rp 9.299.000,AMD Ryzen 3-7320U,16GB LPDDR5 on board,512GB SSD,AMD Radeon Graphics,,,https://www.plazait.co.id/product/asus-vivobook-go-15-e1504fa-vips3153m-green-gray2y
"Asus VivoBook Go 15 E1504FA-VIPS3152M /AMD Ryzen 3-7320U/16GB/512GB SSD/AMD Radeon Graphics/15.6"" FHD/Win 11 Home+OHM+M365/Cool Silver/2Y",Rp 9.299.000,AMD Ryzen 3-7320U,16GB LPDDR5 on board,512GB SSD,AMD Radeon Graphics,,,https://www.plazait.co.id/product/asus-vivobook-go-15-e1504fa-vips3152m-cool-silver
"Asus VivoBook Go 15 E1504FA-VIPS3151M /AMD Ryzen 3-7320U/16GB/512GB SSD/AMD Radeon Graphics/15.6"" FHD/Win 11 Home+OHM+M365/Mixed Black/2Y",Rp 9.299.000,AMD Ryzen 3-7320U,16GB LPDDR5 on board,512GB SSD,AMD Radeon Graphics,,,https://www.plazait.co.id/product/asus-vivobook-go-15-e1504fa-vips3151m-mixed-black
"Asus Vivobook Go 14 E1404FA-VIPS5151M /AMD Ryzen 5-7520U/16GB/512GB SSD/AMD Radeon Graphics/14"" FHD/Win 11 Home+OHS+M365/Mixed Black/2Y",Rp 11.890.000,AMD Ryzen 5-7520U,16GB LPDDR5 on board,512GB SSD,AMD Radeon Graphics,,,https://www.plazait.co.id/product/asus-vivobook-go-14-e1404fa-vips5151m-mixed-black
"Asus Zenbook 14 UM3406KA-OLEDS7311M /AMD Ryzen AI 7-350/32GB/1TB SSD/AMD Radeon Graphics/14"" OLED/Win 11 Home+OHS+M365/Jade Black/2Y",Rp 20.799.000,AMD Ryzen AI 7-350,32GB LPDDR5X on board,1TB SSD,AMD Radeon Graphics,,,https://www.plazait.co.id/product/asus-zenbook-14-um3406ka-oleds7311m-jade-black
"Apple MacBook Air M4 (15-inch) 10-core CPU and 10-core GPU – 24GB, 512GB SSD",Rp 25.999.000,M4,24GB,512GB SSD,,10,10,https://www.plazait.co.id/product/apple-macbook-air-m4-15-inch-10-core-cpu-and-10-core-gpu-24gb-512gb-ssd
"Apple MacBook Air M4 (15-inch) 10-core CPU and 10-core GPU – 16GB, 512GB SSD",Rp 22.799.000,M4,16GB,512GB SSD,,10,10,https://www.plazait.co.id/product/apple-macbook-air-m4-15-inch-10-core-cpu-and-10-core-gpu-16gb-512gb-ssd
"Apple MacBook Air M4 (15-inch) 10-core CPU and 10-core GPU – 16GB, 256GB SSD",Rp 19.199.000,M4,16GB,256GB SSD,,10,10,https://www.plazait.co.id/product/apple-macbook-air-m4-15-inch-10-core-cpu-and-10-core-gpu-16gb-256gb-ssd
"Apple MacBook Air M4 (13-inch) 10-core CPU and 10-core GPU – 24GB, 512GB SSD",Rp 22.899.000,M4,24GB,512GB SSD,,10,10,https://www.plazait.co.id/product/apple-macbook-air-m4-13-inch-10-core-cpu-and-10-core-gpu-24gb-512gb-ssd
"Apple MacBook Air M4 (13-inch) 10-core CPU and 10-core GPU – 16GB, 512GB SSD",Rp 19.399.000,M4,16GB,512GB SSD,,10,10,https://www.plazait.co.id/product/apple-macbook-air-m4-13-inch-10-core-cpu-and-10-core-gpu-16gb-512gb-ssd
"Apple MacBook Air M4 (13-inch) 10-core CPU and 8-core GPU – 16GB, 256GB SSD",Rp 15.999.000,M4,16GB,256GB SSD,,10,8,https://www.plazait.co.id/product/apple-macbook-air-m4-13-inch-10-core-cpu-and-8-core-gpu-16gb-256gb-ssd
"Asus Vivobook 14 A1407CA-VIPS5153M /Intel Core Ultra 5-225H/16GB/512GB SSD/Intel Arc Graphics/14"" WUXGA/Win 11 Home+OHS+M365/Cool Silver/2Y",Rp 11.499.000,Intel Core Ultra 5-225H,16GB DDR5 on board,512GB SSD,Intel Arc Graphics,,,https://www.plazait.co.id/product/asus-vivobook-14-a1407ca-vips5153m-cool-silver
"Asus Vivobook 14 A1407CA-VIPS5152M /Intel Core Ultra 5-225H/16GB/512GB SSD/Intel Arc Graphics/14"" WUXGA/Win 11 Home+OHS+M365/Platinum Gold/2Y",Rp 11.499.000,Intel Core Ultra 5-225H,16GB DDR5 on board,512GB SSD,Intel Arc Graphics,,,https://www.plazait.co.id/product/asus-vivobook-14-a1407ca-vips5152m-platinum-gold
"Asus Vivobook 14 A1407CA-VIPS5151M /Intel Core Ultra 5-225H/16GB/512GB SSD/Intel Arc Graphics/14"" WUXGA/Win 11 Home+OHS+M365/Quiet Blue/2Y",Rp 11.499.000,Intel Core Ultra 5-225H,16GB DDR5 on board,512GB SSD,Intel Arc Graphics,,,https://www.plazait.co.id/product/asus-vivobook-14-a1407ca-vips5151m-quiet-blue
"Asus ROG Strix Scar 18 G835LX-I9N59MZT-HM /Intel Core Ultra 9-275HX/64GB/4TB SSD/NVIDIA GeForce RTX 5090 24GB/18""WQXGA/Win 11 Home+OHM+M365/Off Black/2Y",Rp 89.100.000,Intel Core Ultra 9-275HX,64GB DDR5-5600 (32GB SO-DIMM x 2,4TB (2TB + 2TB SSD),NVIDIA GeForce RTX 5090 24GB GDDR7,,,https://www.plazait.co.id/product/asus-rog-strix-scar-18-g835lx-i9n59mzt-hm-off-black
"Asus ROG Strix Scar 16 G635LX-I9N59MZT-HM /Intel Core Ultra 9-275HX/64GB/2TB SSD/NVIDIA GeForce RTX 5090 24GB/16""WQXGA/Win 11 Home+OHM+M365/Off Black/2Y",Rp 85.140.000,Intel Core Ultra 9-275HX,64GB DDR5-5600 (32GB SO-DIMM x 2),2TB (1TB + 1TB SSD),NVIDIA GeForce RTX 5090 24GB GDDR7,,,https://www.plazait.co.id/product/asus-rog-strix-scar-16-g635lx-i9n59mzt-hm-off-black
"Asus ROG Strix Scar 18 G835LW-I9N58MZT-HM /Intel Core Ultra 9-275HX/32GB/2TB SSD/NVIDIA GeForce RTX 5080 16GB/18""WQXGA/Win 11 Home+OHM+M365/Off Black/2Y",Rp 75.240.000,Intel Core Ultra 9-275HX,32GB DDR5-5600 (16GB SO-DIMM x 2),2TB SSD,NVIDIA GeForce RTX 5080 16GB GDDR7,,,https://www.plazait.co.id/product/asus-rog-strix-scar-18-g835lw-i9n58mzt-hm-off-black
"Asus ROG Strix Scar 16 G635LW-I9N58MZT-HM /Intel Core Ultra 9-275HX/32GB/2TB SSD/NVIDIA GeForce RTX 5080 16GB/16""WQXGA/Win 11 Home+OHM+M365/Off Black/2Y",Rp 74.250.000,Intel Core Ultra 9-275HX,32GB DDR5-5600 (16GB SO-DIMM x 2),2TB SSD,NVIDIA GeForce RTX 5080 16GB GDDR7,,,https://www.plazait.co.id/product/asus-rog-strix-scar-16-g635lw-i9n58mzt-hm-off-black
"Asus ROG Strix G16 G615LW-I9N58C6R-HM /Intel Core Ultra 9-275HX/32GB/2TB SSD/NVIDIA GeForce RTX 5080 16GB/16""WQXGA/Win 11 Home+OHM+M365/Volt Green/2Y",Rp 59.400.000,Intel Core Ultra 9-275HX,32GB DDR5-5600 (16GB SO-DIMM x 2),2TB SSD,NVIDIA GeForce RTX 5080 16GB GDDR7,,,https://www.plazait.co.id/product/asus-rog-strix-g16-g615lw-i9n58c6r-hm-volt-green-2y
"Asus ROG Strix G16 G615LW-I9N58C6G-HM /Intel Core Ultra 9-275HX/32GB/2TB SSD/NVIDIA GeForce RTX 5080 16GB/16""WQXGA/Win 11 Home+OHM+M365/Black/2Y",Rp 59.400.000,Intel Core Ultra 9-275HX,32GB DDR5-5600 (16GB SO-DIMM x 2),2TB SSD,NVIDIA GeForce RTX 5080 16GB GDDR7,,,https://www.plazait.co.id/product/asus-rog-strix-g16-g615lw-i9n58c6g-hm-black
"Apple MacBook Air M2 (13-inch) 8-core CPU and 8-core GPU – 16GB, 256GB SSD",Rp 13.399.000,M2,16GB,256GB SSD,,8,8,https://www.plazait.co.id/product/apple-macbook-air-m2-13-inch-8-core-cpu-and-8-core-gpu-16gb-256gb-ssd
"Asus ROG Flow Z13 GZ302EA-RZA86N9G-HM /AMD Ryzen AI MAX+ 395/64GB/1TB SSD/AMD Radeon 8060S/13.4"" WQXGA/Win 11 Home+OHM+M365/Off Black/2Y",Rp 45.540.000,AMD Ryzen AI MAX+ 395,64GB LPDDR5X on board,1TB SSD,AMD Radeon 8060S,,,https://www.plazait.co.id/product/asus-rog-flow-z13-gz302ea-rza86n9g-hm-off-black
"Asus Gaming V16 V3607VU-I545B7T-HM /Intel Core 5-210H/16GB/512GB SSD/NVIDIA GeForce RTX 4050 6GB/16"" WUXGA /Win 11 Home+OHM+M365/Matte Black/2Y",Rp 17.999.000,Intel Core 5-210H,16GB DDR5 SO-DIMM,512GB SSD,NVIDIA GeForce RTX 4050 6GB GDDR6,,,https://www.plazait.co.id/product/asus-gaming-v16-v3607vu-i545b7t-hm-matte-black
HP OmniBook Ultra Flip 14-fh0334TU - B2CQ2PA /Intel Core Ultra 9-288V/32GB/2TB SSD/Intel Arc Graphics/14″ 2.8K OLED Touch/Win 11 Home+OHS 2021/Eclipse Gray/2Y,Rp 33.770.000,Intel Core Ultra 9-288V,32GB LPDDR5x-8533,2TB SSD,Intel Arc Graphics,,,https://www.plazait.co.id/product/hp-omnibook-ultra-flip-14-fh0334tu-b2cq2pa-eclipse-gray-2y
HP 14s-dq5227TU - B29ZDPA /Intel Core i5-1235U/8GB/512GB SSD/Intel Iris Xe Graphics/14″ FHD IPS/Win 11 Home+OHS 2021/Silver/2Y,Rp 7.699.000,Intel Core i5-1235U,8GB DDR4-3200 MHz,512GB SSD,Intel Iris Xe Graphics,,,https://www.plazait.co.id/product/hp-14s-dq5227tu-b29zdpa-silver-2y
"Asus Zenbook A14 UX3407QA-IPSP152M /Snapdragon X X1 26 100/16GB/512GB SSD/Qualcomm Adreno GPU/14"" WUXGA/Win 11 Home+OHS+M365/Iceland Gray/2Y",Rp 16.899.000,Snapdragon X X1 26 100,16GB LPDDR5X on board,512GB SSD,Qualcomm Adreno,,,https://www.plazait.co.id/product/asus-zenbook-a14-ux3407qa-ipsp152m-iceland-gray
"Asus Zenbook A14 UX3407QA-IPSP151M /Snapdragon X X1 26 100/16GB/512GB SSD/Qualcomm Adreno GPU/14"" WUXGA/Win 11 Home+OHS+M365/Zabriskie Beige/2Y",Rp 16.899.000,Snapdragon X X1 26 100,16GB LPDDR5X on board,512GB SSD,Qualcomm Adreno,,,https://www.plazait.co.id/product/asus-zenbook-a14-ux3407qa-ipsp151m-snapdragon-x-x1-26-100-16gb-512gb-ssd-qualcomm-adreno-gpu-14-wuxga-win-11-homeohsm365-zabriskie-beige-2y
"Asus Zenbook Duo UX8406CA-OLEDS9321M /Intel Core Ultra 9-285H/32GB/2TB SSD/Intel Arc Graphics/14"" OLED Touch/Win 11 Home+OHS+M365/Inkwell Gray/2Y",Rp 39.999.000,Intel Core Ultra 9-285H,32GB LPDDR5X on board,2TB SSD,Intel Arc Graphics,,,https://www.plazait.co.id/product/asus-zenbook-duo-ux8406ca-oleds9321m-inkwell-gray
"Asus Zenbook S 14 UX5406SA-OLEDS7312TM /Intel Core Ultra 7-258V /32GB/1TB SSD/Intel Arc Graphics/14"" OLED Touch/Win 11 Home+OHS+M365/Scandinavian White/2Y",Rp 34.999.000,Intel Core Ultra 7-258V,32GB LPDDR5X Memory on Package,1TB SSD,Intel Arc Graphics,,,https://www.plazait.co.id/product/asus-zenbook-s-14-ux5406sa-oleds7312tm-intel-core-ultra-7-258v-32gb-1tb-ssd-intel-arc-graphics-14-oled-touch-win-11-homeohsm365-scandinavian-white-2y
"Asus Vivobook S14 Flip TP3407SA-OLED5151M /Intel Core Ultra 5-226V/16GB/512GB SSD/Intel Arc Graphics/14"" WUXGA Touch/Win 11 Home+OHS+M365/Matte Grey/2Y",Rp 16.899.000,Intel Core Ultra 5-226V,16GB LPDDR5X,512GB M.2 NVMe PCIe 4.0 SSD,Intel Arc Graphics,,,https://www.plazait.co.id/product/asus-vivobook-s14-flip-tp3407sa-oled5151m-matte-grey
"Asus Vivobook 15 A1504VAP-VIPS7104M /Intel Core 7-150U/16GB/1TB SSD/Intel Graphics/15.6"" FHD Touch/Win 11 Home+OHS+M365/Quiet Blue/2Y",Rp 13.099.000,Intel Core 7-150U,16GB DDR4,1TB SSD,Intel Graphics,,,https://www.plazait.co.id/product/asus-vivobook-15-a1504vap-vips7104m-quiet-blue
"Asus Vivobook S14 OLED S5406SA-OLEDS7312M /Intel Core Ultra 7-256V/32GB/1TB SSD/Intel Arc Graphics/14"" OLED/Win 11 Home+OHM+M365/Mist Blue/2Y",Rp 20.499.000,Intel Core Ultra 7-256V,32GB LPDDR5X Onboard,1TB SSD,Intel Arc Graphics,,,https://www.plazait.co.id/product/asus-vivobook-s14-oled-s5406sa-oleds7312m-mist-blue
"Asus Vivobook S14 OLED S5406SA-OLEDS7311M /Intel Core Ultra 7-256V/32GB/1TB SSD/Intel Arc Graphics/14"" OLED/Win 11 Home+OHM+M365/Neutral Black/2Y",Rp 20.499.000,Intel Core Ultra 7-256V,32GB LPDDR5X Onboard,1TB SSD,Intel Arc Graphics,,,https://www.plazait.co.id/product/asus-vivobook-s14-oled-s5406sa-oleds7311m-neutral-black
"Apple MacBook Pro M4 Max (16-inch) 16-core CPU and 40-core GPU - 48GB, 1TB SSD",Rp 65.999.000,M4 Max,48GB,1TB SSD,,16,40,https://www.plazait.co.id/product/apple-macbook-pro-m4-max-16-inch-16-core-cpu-and-40-core-gpu-48gb-1tb-ssd
"Apple MacBook Pro M4 Max (16-inch) 14-core CPU and 32-core GPU - 36GB, 1TB SSD",Rp 57.799.000,M4 Max,36GB,1TB SSD,,14,32,https://www.plazait.co.id/product/apple-macbook-pro-m4-max-16-inch-14-core-cpu-and-32-core-gpu-36gb-1tb-ssd
"Apple MacBook Pro M4 Pro (16-inch) 14-core CPU and 20-core GPU - 48GB, 512GB SSD",Rp 47.999.000,M4 Pro,48GB,512GB SSD,,14,20,https://www.plazait.co.id/product/apple-macbook-pro-m4-pro-16-inch-14-core-cpu-and-20-core-gpu-48gb-512gb-ssd
"Apple MacBook Pro M4 Pro (16-inch) 14-core CPU and 20-core GPU - 24GB, 512GB SSD",Rp 41.499.000,M4 Pro,24GB,512GB SSD,,14,20,https://www.plazait.co.id/product/apple-macbook-pro-m4-pro-16-inch-14-core-cpu-and-20-core-gpu-24gb-512gb-ssd
"Apple MacBook Pro M4 Max (14-inch) 14-core CPU and 32-core GPU - 36GB, 1TB SSD",Rp 54.499.000,M4 Max,36GB,1TB SSD,,14,32,https://www.plazait.co.id/product/apple-macbook-pro-m4-max-14-inch-14-core-cpu-and-32-core-gpu-36gb-1tb-ssd
"Apple MacBook Pro M4 Pro (14-inch) 14-core CPU and 20-core GPU - 24GB, 1TB SSD",Rp 40.669.000,M4 Pro,24GB,1TB SSD,,14,20,https://www.plazait.co.id/product/apple-macbook-pro-m4-pro-14-inch-14-core-cpu-and-20-core-gpu-24gb-1tb-ssd
"Apple MacBook Pro M4 Pro (14-inch) 12-core CPU and 16-core GPU - 24GB, 512GB SSD",Rp 33.790.000,M4 Pro,24GB,512GB SSD,,12,16,https://www.plazait.co.id/product/apple-macbook-pro-m4-pro-14-inch-12-core-cpu-and-16-core-gpu-24gb-512gb-ssd
"Apple MacBook Pro M4 (14-inch) 10-core CPU and 10-core GPU - 24GB, 1TB SSD",Rp 31.990.000,M4,24GB,1TB SSD,,10,10,https://www.plazait.co.id/product/apple-macbook-pro-m4-14-inch-10-core-cpu-and-10-core-gpu-24gb-1tb-ssd
"Apple MacBook Pro M4 (14-inch) 10-core CPU and 10-core GPU - 16GB, 1TB SSD",Rp 28.299.000,M4,16GB,1TB SSD,,10,10,https://www.plazait.co.id/product/apple-macbook-pro-m4-14-inch-10-core-cpu-and-10-core-gpu-16gb-1tb-ssd
"Apple MacBook Pro M4 (14-inch) 10-core CPU and 10-core GPU - 16GB, 512GB SSD",Rp 25.499.000,M4,16GB,512GB SSD,,10,10,https://www.plazait.co.id/product/apple-macbook-pro-m4-14-inch-10-core-cpu-and-10-core-gpu-16gb-512gb-ssd
HP 14s-dq5567TU - A58H9PA /Intel Core i3-1215U/4GB/512GB SSD/Intel UHD Graphics/14″ FHD/Win 11 Home+OHS 2021/Silver/2Y,Rp 5.549.000,Intel Core i3-1215U,4 GB DDR4-3200 / Upgrade to 8GB | 12GB,512GB SSD,Intel UHD Graphics,,,https://www.plazait.co.id/product/hp-14s-dq5567tu-a58h9pa-intel-core-i3-1215u-4gb-512gb-ssd-intel-uhd-graphics-14-fhd-win-11-home-ohs-2021-silver-2y
HP 14s-dq5156TU - A5ET8PA /Intel Core i5-1235U/16GB/512GB SSD/Intel Iris Xe Graphics/14″ FHD IPS/Win 11 Home+OHS 2021/Silver/2Y,Rp 8.599.000,Intel Core i5-1235U,16GB DDR4-3200 MHz,512GB SSD,Intel Iris Xe Graphics,,,https://www.plazait.co.id/product/hp-14s-dq5156tu-a5et8pa-silver-2y
"Asus Expertbook P5405CSA-NZ7310WS /Intel Core Ultra 7-258V/32GB/1TB SSD/Intel Arc 140V/14"" WQXGA/Win 11 Home+OHS+M365/Misty Grey/3Y",Rp 21.999.000,Intel Core Ultra 7-258V,32GB LPDDR5X,1TB SSD,Intel Arc 140V GPU,,,https://www.plazait.co.id/product/asus-expertbook-p5405csa-nz7310ws-misty-grey
"Apple MacBook Air M3 (13-inch) 8-core CPU and 8-core GPU - 16GB, 256GB SSD",Rp 14.699.000,M3,16GB,256GB SSD,,8,8,https://www.plazait.co.id/product/apple-macbook-air-m3-136-inch-2024-8c-cpu-8c-gpu-16gb-256gb-ssd
"HP Victus 15-fb2999AX - A4TZ2PA /AMD Ryzen 5-8645HS/16GB/512GB SSD/RTX4060 8GB/15.6"" FHD IPS/Win 11 Home+OHS 2021/Mica Silver/2Y",Rp 15.599.000,AMD Ryzen 5-8645HS,16 GB DDR5-5600,512GB SSD,NVIDIA GeForce RTX 4060 8GB,,,https://www.plazait.co.id/product/hp-victus-15-fb2999ax-a4tz2pa-mica-silver-2y
HP OmniBook X 14-fe0777QU - B00U2PA /Snapdragon X Elite/32GB/1TB SSD/Qualcomm Adreno GPU/14″ 2.2K IPS Touch/Win 11 Home+OHS 2021/Meteor Silver/2Y,Rp 23.770.000,Snapdragon X Elite X1E-78-100,32GB LPDDR5x-8448 (onboard),1TB SSD,Qualcomm Adreno GPU,,,https://www.plazait.co.id/product/hp-omnibook-x-14-fe0777qu-b00u2pa-meteor-silver-2y
HP OmniBook Ultra Flip 14-fh0777TU - B08W6PA /Intel Core Ultra 7-258V/32GB/1TB SSD/Intel Arc Graphics/14″ 2.8K OLED Touch/Win 11 Home+OHS 2021/Eclipse Gray/2Y,Rp 30.070.000,Intel Core Ultra 7-258V,32GB LPDDR5x-8533 (onboard),1TB SSD,Intel Arc Graphics,,,https://www.plazait.co.id/product/hp-omnibook-ultra-flip-14-fh0777tu-eclipse-gray-2y
"HP 14-em0168AU - AD7Q1PA /AMD Ryzen 7-7730U/16GB/512GB SSD/AMD Radeon Graphics/14"" FHD/Win 11 Home+OHS 2021/Silver/2Y",Rp 13.700.000,AMD Ryzen 7-7730U,16GB LPDDR4-3200,512GB SSD,AMD Radeon Graphics,,,https://www.plazait.co.id/product/hp-14-em0168au-ad7q1pa-silver-2y
"HP Probook 440 G10 - 9J091PT /Intel Core i5-1335U/16GB/512GB SSD/Intel UHD Graphics/14"" FHD IPS/Win 11 Pro/Silver/1Y",Rp 14.110.000,Intel Core i5-1335U,16GB DDR4-3200,512GB SSD,Intel UHD Graphics,,,https://www.plazait.co.id/product/hp-probook-440-g10-9j091pt-silver-1y
"HP 14-em0332AU - AA3V7PA /AMD Ryzen 3-7320U/8GB/512GB SSD/AMD Radeon Graphics/14"" FHD/Win 11 Home+OHS 2021/Gold/2Y",Rp 5.950.000,AMD Ryzen 3-7320U,8GB (onboard),512GB SSD,AMD Radeon Graphics,,,https://www.plazait.co.id/product/hp-14-em0332au-aa3v7pa-gold-2y
"HP 14-em0333AU - AA3V8PA /AMD Ryzen 3-7320U/8GB/512GB SSD/AMD Radeon Graphics/14"" FHD/Win 11 Home+OHS 2021/Silver/2Y",Rp 5.950.000,AMD Ryzen 3-7320U,8GB (onboard),512GB SSD,AMD Radeon Graphics,,,https://www.plazait.co.id/product/hp-14-em0333au-aa3v8pa-silver-2y
"HP 14-em0019AU - 7L9D0PA /AMD Ryzen 5-7530U/8GB/512GB SSD/AMD Radeon Graphics/14"" FHD/Win 11 Home+OHS 2021/Gold/2Y",Rp 7.099.000,AMD Ryzen 5-7530U,8GB DDR4-3200,512GB SSD,AMD Radeon Graphics,,,https://www.plazait.co.id/product/hp-14-em0019au-7l9d0pa-amd-ryzen-5-7530u8gb512gb-ssdamd-radeon-graphics14-fhdwin-11-homeohs-2021gold2y
HP 14s-dq5568TU - A58HNPA /Intel Core i3-1215U/8GB/512GB SSD/Intel UHD Graphics/14″ FHD/Win 11 Home+OHS 2021/Silver/2Y,Rp 6.299.000,Intel Core i3-1215U,8GB,512GB SSD,Intel UHD Graphics,,,https://www.plazait.co.id/product/hp-14s-dq5568tu-a58hnpa-silver-2y
"HP 240 G9 - 9J1W4PT /Intel Core i3-1215U/8GB/256GB SSD/Intel Iris Xe Graphics/14"" HD/Win 11 Home/Black/1Y",Rp 5.850.000,Intel Core i3-1215U,8GB,256GB SSD,Intel Iris Xe Graphics,,,https://www.plazait.co.id/product/hp-240-g9-9j1w4pt-intel-core-i3-1215u-black-1y
Asus ROG Zephyrus G16 GA605WV-R946OL7G-OM /AMD Ryzen AI 9 HX 370 /32GB/1TB SSD/NVIDIA GeForce RTX 4060 8GB/14″ OLED/Win 11 Home+OHS+M365/Eclipse Gray/2Y,Rp 40.999.000,AMD Ryzen AI 9-HX 370,32GB LPDDR5X,"1TB SSD, 2 slot",NVIDIA GeForce RTX 4060 8GB GDDR6,,,https://www.plazait.co.id/product/asus-rog-zephyrus-g16-ga605wv-r946ol7g-om-eclipse-gray
HP 14s-dq3888TU - A05PWPA /Intel Celeron N4500/8GB/512GB SSD/Intel UHD Graphics/14″ FHD/Win 11 Home+OHS 2021/Silver/2Y,Rp 4.999.000,Intel Celeron N4500,8GB,512GB SSD,Intel UHD Graphics,,,https://www.plazait.co.id/product/hp-14s-dq3888tu-a05pwpa-silver-2y
"Asus Vivobook S 15 OLED S5507QA-OLEDSP11M /Snapdragon X Elite X1E 78 100/16GB/1TB SSD/Qualcomm Adreno/15.6"" OLED/Win 11 Home+OHS+M365/Cool Silver/2Y",Rp 15.499.000,Snapdragon X Elite X1E 78 100,16GB LPDDR5X on board,1TB SSD,Qualcomm Adreno,,,https://www.plazait.co.id/product/asus-vivobook-s-15-oled-s5507qa-oledsp11m-cool-silver
"Apple MacBook Air M3 (15.3-inch) 8-core CPU and 10-core GPU - 16GB, 512GB SSD",Rp 20.999.000,M3,16GB,512GB SSD,,8,10,https://www.plazait.co.id/product/apple-macbook-air-m3-15-3-inch-8-core-cpu-and-10-core-gpu-16gb-512gb-ssd
"Apple MacBook Air M3 (15.3-inch) 8-core CPU and 10-core GPU - 8GB, 512GB SSD",Rp 18.699.000,M3,8GB,512GB SSD,,8,10,https://www.plazait.co.id/product/apple-macbook-air-m3-15-3-inch-8-core-cpu-and-10-core-gpu-8gb-512gb-ssd
"Apple MacBook Air M3 (15.3-inch) 8-core CPU and 10-core GPU - 8GB, 256GB SSD",Rp 16.599.000,M3,8GB,256GB SSD,,8,10,https://www.plazait.co.id/product/apple-macbook-air-m3-15-3-inch-8-core-cpu-and-10-core-gpu-8gb-256gb-ssd
"Apple MacBook Air M3 (13-inch) 8-core CPU and 10-core GPU - 16GB, 512GB SSD",Rp 19.990.000,M3,16GB,512GB SSD,,8,10,https://www.plazait.co.id/product/apple-macbook-air-m3-13-6-inch-2024-8c-cpu-10c-gpu-16gb-512gb-ssd
"HP Victus 15-fb2667AX - A4TY5PA /AMD Ryzen 5-8645HS/8GB/512GB SSD/RTX4050 6GB/15.6"" FHD IPS/Win 11 Home+OHS 2021/Performance Blue/2Y",Rp 13.750.000,AMD Ryzen 5-8645HS,8GB DDR5-5600,512GB SSD,NVIDIA GeForce RTX 4050 6GB,,,https://www.plazait.co.id/product/hp-victus-15-fb2667ax-a4ty5pa-performance-blue-2y
"HP Victus 15-fb2666AX - A4TY4PA /AMD Ryzen 5-8645HS/8GB/512GB SSD/RTX4050 6GB/15.6"" FHD IPS/Win 11 Home+OHS 2021/Mica Silver/2Y",Rp 13.750.000,AMD Ryzen 5-8645HS,8GB DDR5-5600,512GB SSD,NVIDIA GeForce RTX 4050 6GB,,,https://www.plazait.co.id/product/hp-victus-15-fb2666ax-a4ty4pa-mica-silver-2y
"HP Victus 15-fb2665AX - A4TY3PA /AMD Ryzen 5-8645HS/8GB/512GB SSD/RTX4050 6GB/15.6"" FHD IPS/Win 11 Home+OHS 2021/Ceramic White/2Y",Rp 13.750.000,AMD Ryzen 5-8645HS,8GB DDR5-5600,512GB SSD,NVIDIA GeForce RTX 4050 6GB,,,https://www.plazait.co.id/product/hp-victus-15-fb2665ax-a4ty3pa-ceramic-white-2y
"HP 245 G10 - 9J053PT /AMD Ryzen 5-7520U/8GB/512GB SSD/AMD Radeon Graphics/14"" HD/Win 11 Home/Black/1Y",Rp 6.299.000,AMD Ryzen 5-7520U,8GB DDR5-5500 (onboard),512GB SSD,AMD Radeon Graphics,,,https://www.plazait.co.id/product/hp-245-g10-9j053pt-amd-ryzen-5-7520u-black-1y
"Apple MacBook Air M3 (13-inch) 8-core CPU and 10-core GPU - 8GB, 512GB SSD",Rp 15.999.000,M3,8GB,512GB SSD,,8,10,https://www.plazait.co.id/product/apple-macbook-air-m3-13-6-inch-2024-8c-cpu-10c-gpu-8gb-512gb-ssd
"Apple MacBook Air M3 (13-inch) 8-core CPU and 8-core GPU - 8GB, 256GB SSD",Rp 12.499.000,M3,8GB,256GB SSD,,8,8,https://www.plazait.co.id/product/apple-macbook-air-m3-13-6-inch-2024-8c-cpu-8c-gpu-8gb-256gb-ssd
"Apple MacBook Air M2 (13-inch) 8-core CPU and 10-core - 8GB, 512GB SSD",Rp 16.499.000,M2,8GB,512GB SSD,,8,,https://www.plazait.co.id/product/apple-macbook-air-m2-13-6-inch-2022-8c-cpu-10c-gpu-8gb-512gb-ssd
"Apple MacBook Air M2 (13-inch) 8-core CPU and 8-core GPU - 8GB, 256GB SSD",Rp 12.499.000,M2,8GB,256GB SSD,,8,8,https://www.plazait.co.id/product/apple-macbook-air-m2-13-6-inch-2022-8c-cpu-8c-gpu-8gb-256gb-ssd
"Apple MacBook Air M1 (13.3-inch) 8-core CPU and 7-core GPU - 8GB, 256GB SSD, Space Grey",Rp 10.899.000,M1,8GB,256GB SSD,,8,7,https://www.plazait.co.id/product/apple-macbook-air-m1-133-inch-8-core-cpu-and-7-core-gpu-8gb-256gb-ssd-space-grey
HP 14s-dq5154TU - A58H7PA /Intel Core i7-1255U/16GB/512GB SSD/Intel Iris Xe Graphics/14″ FHD IPS/Win 11 Home+OHS 2021/Silver/2Y,Rp 11.199.000,Intel Core i7-1255U,16GB,512GB SSD,Intel Iris Xe Graphics,,,https://www.plazait.co.id/product/hp-14s-dq5154tu-a58h7pa-silver-2y
"Asus TUF A14 FA401UU-R745G6G-OM /AMD Ryzen 7-8845HS/16GB/512GB SSD/NVIDIA GeForce RTX 4050 6GB/14"" WQXGA/Win 11 Home+OHS+M365/Jaeger Grey/2Y",Rp 21.999.000,AMD Ryzen 7-8845HS,16GB LPDDR5X,512GB SSD,NVIDIA GeForce RTX 4050 6GB GDDR6,,,https://www.plazait.co.id/product/asus-tuf-a14-fa401uu-r745g6g-om-jaeger-grey
"Asus TUF A14 FA401WV-R946G9G-OM /AMD Ryzen AI 9 HX 370/32GB/1TB SSD/NVIDIA GeForce RTX 4060 8GB/14"" WQXGA/Win 11 Home+OHS+M365/Jaeger Grey/2Y",Rp 27.999.000,AMD Ryzen AI 9 HX 370,32GB LPDDR5X,1TB PCIe 4.0 NVMe M.2 SSD,NVIDIA GeForce RTX 4060 8GB GDDR6,,,https://www.plazait.co.id/product/asus-tuf-a14-fa401wv-r946g9g-om-jaeger-grey
"Asus TUF A15 FA506NFR-R725B1T-OM /AMD Ryzen 7-7435HS/8GB/512GB SSD/NVIDIA GeForce RTX 2050 4GB/15.6"" FHD/Win 11 Home+OHS+M365/Graphite Black/2Y",Rp 9.850.000,AMD Ryzen 7-7435HS,8GB DDR5-5600,512GB SSD,NVIDIA GeForce RTX 2050 4GB GDDR6,,,https://www.plazait.co.id/product/asus-tuf-a15-fa506nfr-r725b1t-om-graphite-black
HP Victus 15-fb2557AX - A4UM4PA /AMD Ryzen 7-8845HS/8GB/512GB SSD/RTX4050 6GB/15.6″ FHD IPS/Win 11 Home+OHS 2021/Ceramic White/2Y,Rp 15.200.000,AMD Ryzen 7-8845HS,8GB DDR5-5600,512GB SSD,NVIDIA GeForce RTX 4050 6GB,,,https://www.plazait.co.id/product/hp-victus-15-fb2557ax-a4um4pa-ceramic-white-2y
HP Victus 15-fb2556AX - A4TY2PA /AMD Ryzen 7-8845HS/8GB/512GB SSD/RTX4050 6GB/15.6″ FHD IPS/Win 11 Home+OHS 2021/Performance Blue/2Y,Rp 15.200.000,AMD Ryzen 7-8845HS,8GB DDR5-5600,512GB SSD,NVIDIA GeForce RTX 4050 6GB,,,https://www.plazait.co.id/product/hp-victus-15-fb2556ax-a4ty2pa-performance-blue-2y
HP Victus 15-fb2555AX - A4TY1PA /AMD Ryzen 7-8845HS/8GB/512GB SSD/RTX4050 6GB/15.6″ FHD IPS/Win 11 Home+OHS 2021/Mica Silver/2Y,Rp 15.200.000,AMD Ryzen 7-8845HS,8GB DDR5-5600,512GB SSD,NVIDIA GeForce RTX 4050 6GB,,,https://www.plazait.co.id/product/hp-victus-15-fb2555ax-a4ty1pa-mica-silver-2y
HP Victus 15-fb2889AX - A4TY9PA /AMD Ryzen 7-8845HS/8GB/512GB SSD/RTX3050 6GB/15.6″ FHD IPS/Win 11 Home+OHS 2021/Performance Blue/2Y,Rp 13.199.000,AMD Ryzen 7-8845HS,8GB,512GB SSD,NVIDIA GeForce RTX 3050 6GB,,,https://www.plazait.co.id/product/hp-victus-15-fb2889ax-a4ty9pa-performance-blue-2y
HP Victus 15-fb2888AX - A4TY8PA /AMD Ryzen 7-8845HS/8GB/512GB SSD/RTX3050 6GB/15.6″ FHD IPS/Win 11 Home+OHS 2021/Mica Silver/2Y,Rp 13.199.000,AMD Ryzen 7-8845HS,8GB,512GB SSD,NVIDIA GeForce RTX 3050 6GB,,,https://www.plazait.co.id/product/hp-victus-15-fb2888ax-a4ty8pa-mica-silver-2y
HP Victus 15-fb2887AX - A4UM6PA /AMD Ryzen 7-8845HS/8GB/512GB SSD/RTX3050 6GB/15.6″ FHD IPS/Win 11 Home+OHS 2021/Ceramic White/2Y,Rp 13.199.000,AMD Ryzen 7-8845HS,8GB,512GB SSD,NVIDIA GeForce RTX 3050 6GB,,,https://www.plazait.co.id/product/hp-victus-15-fb2887ax-a4um6pa-ceramic-white-2y
HP 15-fd0999TX - 9Y3N7PA /Intel Core i7-1355U/16GB/512GB SSD/MX570A 2GB/15.6″ FHD IPS/Win 11 Home+OHS 2021/Silver/2Y,Rp 12.500.000,Intel Core i7-1355U,16GB DDR4-3200 MHz,512GB SSD,NVIDIA GeForce MX570A 2GB,,,https://www.plazait.co.id/product/hp-15-fd0999tx-9y3n7pa-silver-2y
HP 15-fd0888TX - 9Y3N6PA /Intel Core i7-1355U/16GB/512GB SSD/MX570A 2GB/15.6″ FHD IPS/Win 11 Home+OHS 2021/Blue/2Y,Rp 12.500.000,Intel Core i7-1355U,16GB DDR4-3200 MHz,512GB SSD,NVIDIA GeForce MX570A 2GB,,,https://www.plazait.co.id/product/hp-15-fd0888tx-9y3n6pa-blue-2y
HP 15-fd0032TX - 9E3T5PA /Intel Core i5-1334U/8GB/512GB SSD/MX570A 2GB/15.6″ FHD IPS/Win 11 Home+OHS 2021/Blue/2Y,Rp 9.900.000,Intel Core i5-1334U,8GB DDR4-3200,512GB SSD,NVIDIA GeForce MX570A 2GB,,,https://www.plazait.co.id/product/hp-15-fd0032tx-9e3t5pa-intel-core-i5-1334u-8gb-512gb-ssd-mx570a-2gb-15-6e280b3-fhd-ips-win-11-homeohs-2021-blue-2y
HP 15-fd0031TX - 9E3T4PA /Intel Core i5-1334U/8GB/512GB SSD/MX570A 2GB/15.6″ FHD IPS/Win 11 Home+OHS 2021/Silver/2Y,Rp 9.900.000,Intel Core i5-1334U,8GB DDR4-3200,512GB SSD,NVIDIA GeForce MX570A 2GB,,,https://www.plazait.co.id/product/hp-15-fd0031tx-9e3t4pa-silver-2y
HP 14s-dq5152TU - A58H5PA /Intel Core i5-1235U/8GB/512GB SSD/Intel Iris Xe Graphics/14″ FHD IPS/Win 11 Home+OHS 2021/Silver/2Y,Rp 8.350.000,Intel Core i5-1235U,8GB,512GB SSD,Intel Iris Xe Graphics,,,https://www.plazait.co.id/product/hp-14s-dq5152tu-a58h5pa-intel-core-i5-1235u-8gb-512gb-ssd-intel-iris-xe-graphics-14%E2%80%B3-fhd-ips-win-11-homeohs-2021-silver-2y
Asus ROG Zephyrus G16 GU605MV-I946OL7G-OM / Intel Core Ultra 9-185H/32GB/1TB SSD/NVIDIA GeForce RTX 4060 8GB/16″ OLED/Win 11 Home+OHS+M365/Eclpise Grey/2Y,Rp 38.899.000,Intel Core Ultra 9 Processor 185H,32GB LPDDR5X,1TB SSD,NVIDIA GeForce RTX 4060 8GB,,,https://www.plazait.co.id/product/asus-rog-zephyrus-g16-gu605mv-i946ol7g-om-eclpise-grey
"Asus ROG Strix G18 G834JYR-I949M6G-OM /Intel Core i9-14900HX/32GB/2TB SSD/NVIDIA GeForce RTX 4090 16GB/18"" WQXGA/Win 11 Home+OHS+M365/Off Black/2Y",Rp 78.999.000,Intel Core i9-14900HX,32GB DDR5-5600,2TB SSD,NVIDIA GeForce RTX 4090 16GB,,,https://www.plazait.co.id/product/asus-rog-strix-g18-g834jyr-i949m6g-om-off-black
"Asus ROG Strix G16 G634JZR-I948M6G-OM /Intel Core i9-14900HX/32GB/2TB SSD/NVIDIA GeForce RTX 4080 12GB/16"" QHD+/Win 11 Home+OHS+M365/Off Black/2Y",Rp 72.999.000,Intel Core i9-14900HX,32GB DDR5-5600,2TB SSD,NVIDIA GeForce RTX 4080 12GB,,,https://www.plazait.co.id/product/asus-rog-strix-g16-g634jzr-i948m6g-om-off-black
"Asus ROG Strix G16 G614JIR-I947C6G-OM /Intel Core i9-14900HX/32GB/1TB SSD/NVIDIA GeForce RTX 4070 8GB/16"" QHD+/Win 11 Home+OHS+M365/Eclipse Gray/2Y",Rp 44.999.000,Intel Core i9-14900HX,32GB DDR5-5600,1TB SSD,NVIDIA GeForce RTX 4070 8G,,,https://www.plazait.co.id/product/asus-rog-strix-g16-g614jir-i947c6g-om-eclipse-gray
Asus TUF F15 FX507VV-I745K6M-OM /Intel Core i7-13620H/16GB/512GB SSD/NVIDIA GeForce RTX 4060 8GB/15.6″ FHD/Win 11 Home+OHS+M365/Mecha Gray/2Y,Rp 21.999.000,13th Gen Intel Core i7-13620H,16GB DDR4,512GB SSD,NVIDIA GeForce RTX 4060 8GB,,,https://www.plazait.co.id/product/asus-tuf-f15-fx507vv-i745k6m-om-mecha-gray
Asus TUF FA507NVR-R746K6M-OM /AMD Ryzen 7-7435HS/16GB/512GB SSD/NVIDIA GeForce RTX 4060 8GB/15.6″ FHD/Win 11 Home+OHS+M365/Mecha Gray/2Y,Rp 18.399.000,AMD Ryzen 7-7435HS,16GB DDR5,512GB SSD,NVIDIA GeForce RTX 4060 8GB,,,https://www.plazait.co.id/product/asus-tuf-fa507nvr-r746k6m-om-mecha-gray
Asus TUF A15 FA507NUR-R745K6M-OM /AMD Ryzen 7-7435HS/16GB/512GB SSD/NVIDIA GeForce RTX 4050 6GB/15.6″ FHD/Win 11 Home+OHS+M365/Mecha Gray/2Y,Rp 16.299.000,AMD Ryzen 7-7435HS,16GB DDR5,512GB SSD,NVIDIA GeForce RTX 4050 6GB,,,https://www.plazait.co.id/product/asus-tuf-a15-fa507nur-r745k6m-om-mecha-gray
"Asus Vivobook S 14 S5406MA-OLED713 /Intel Core Ultra 7-155H/16GB/1TB SSD/Intel Arc Graphics/14"" WUXGA/Win 11 Home+OHS 2021/Neutral Black/2Y",Rp 15.499.000,Intel Core Ultra 7-155H,16GB LPDDR5X on board,1TB SSD,Intel Arc Graphics,,,https://www.plazait.co.id/product/asus-vivobook-s-14-s5406ma-oled713-intel-core-ultra-7-155h-16gb-1tb-ssd-intel-arc-graphics-14-wuxga-win-11-homeohs-2021-neutral-black-2y
"Asus Vivobook S 14 S5406MA-OLED714 /Intel Core Ultra 7-155H/16GB/1TB SSD/Intel Arc Graphics/14"" WUXGA/Win 11 Home+OHS 2021/Mist Blue/2Y",Rp 15.499.000,Intel Core Ultra 7-155H,16GB LPDDR5X on board,1TB SSD,Intel Arc Graphics,,,https://www.plazait.co.id/product/asus-vivobook-s-14-s5406ma-oled714-mist-blue
"Asus Vivobook S14 Flip TN3402YA-VIPS557 /AMD Ryzen 5-7430U/16GB/512GB SSD/AMD Radeon Graphics/14"" WUXGA Touch/Win 11 Home+OHS 2021/Transparent Silver/2Y",Rp 10.839.000,AMD Ryzen 5-7430U,16GB DDR4,512GB SSD,AMD Radeon Graphics,,,https://www.plazait.co.id/product/asus-vivobook-s14-flip-tn3402ya-vips557-transparent-silver
"Asus Vivobook S15 S5507QA-OLEDSH11M /Snapdragon X Elite X1E 78 100/32GB/1TB SSD/Qualcomm Adreno/15.6"" OLED/Win 11 Home+OHS+M365/Cool Silver/2Y",Rp 18.899.000,Snapdragon X Elite X1E 78 100,32GB LPDDR5X on board,1TB SSD,Qualcomm Adreno GPUs,,,https://www.plazait.co.id/product/asus-vivobook-s15-s5507qa-oledsh11m-cool-silver
HP 14s-dq5155TU - A58H8PA /Intel Core i7-1255U/ 8GB/512GB SSD/Intel Iris Xe Graphics/14″ FHD IPS/Win 11 Home+OHS 2021/Silver/2Y,Rp 11.999.000,Intel Core i7-1255U,8GB DDR4-3200,512GB SSD,Intel Iris Xe Graphics,,,https://www.plazait.co.id/product/hp-14s-dq5155tu-a58h8pa-silver-2y
HP Pavilion x360 14-ek2051TU - A58H0PA /Intel Core 3-100U/8GB/512GB SSD/Intel UHD Graphics/14″ FHD IPS Touch/Win 11 Home+OHS 2021/Space Blue/2Y,Rp 9.800.000,Intel Core 3-100U,8GB DDR4-3200 (onboard),512GB SSD,Intel UHD Graphics,,,https://www.plazait.co.id/product/hp-pavilion-x360-14-ek2051tu-a58h0pa-space-blue-2y
HP Pavilion x360 14-ek2123TU - A58H1PA /Intel Core 3-100U/8GB/512GB SSD/Intel UHD Graphics/14″ FHD IPS Touch/Win 11 Home+OHS 2021/Silver/2Y,Rp 9.800.000,Intel Core 3-100U,8GB DDR4-3200 (onboard),512GB SSD,Intel UHD Graphics,,,https://www.plazait.co.id/product/hp-pavilion-x360-14-ek2123tu-a58h1pa-silver-2y
"Asus Vivobook S14 Flip TN3402YA-VIPS558 /AMD Ryzen 5-7430U/16GB/512GB SSD/AMD Radeon Graphics/14"" WUXGA Touch/Win 11 Home+OHS 2021/Quite Blue/2Y",Rp 10.839.000,AMD Ryzen 5-7430U,16GB DDR4,512GB SSD,AMD Radeon Graphics,,,https://www.plazait.co.id/product/asus-vivobook-s14-flip-tn3402ya-vips558-quite-blue
HP Victus 15-fa1518TX - A4TX2PA /Intel Core i5-13500H/8GB/512GB SSD/RTX4050 6GB/15.6″ FHD/Win 11 Home+OHS 2021/White/2Y,Rp 14.120.000,Intel Core i5-13500H,8GB DDR4-3200,512GB SSD,NVIDIA GeForce RTX 4050 6GB,,,https://www.plazait.co.id/product/hp-victus-15-fa1518tx-a4tx2pa-white-2y
"Asus Vivobook S14 M5406UA-OLED752 /AMD Ryzen 7-8845HS/16GB/512GB SSD/AMD Radeon Graphics/14"" WUXGA/Win 11 Home+OHS 2021/Neutral Black/2Y",Rp 13.499.000,AMD Ryzen 7-8845HS,16GB LPDDR5X on board,512GB SSD,AMD Radeon Graphics,,,https://www.plazait.co.id/product/asus-vivobook-s14-m5406ua-oled752-neutral-black
HP Pavilion Aero 13-bg0888AU - A0DH5PA /AMD Ryzen 7-8840U/16GB/1TB SSD/AMD Radeon Graphics/13.3″ WUXGA IPS/Win 11 Home+OHS 2021/Blue/2Y,Rp 14.300.000,AMD Ryzen 7-8840U,16GB LPDDR5x-6400 (onboard),1TB SSD,AMD Radeon Graphics,,,https://www.plazait.co.id/product/hp-pavilion-aero-13-bg0888au-a0dh5pa-blue-2y
HP Pavilion Aero 13-bg0777AU - A0DH4PA /AMD Ryzen 7-8840U/16GB/1TB SSD/AMD Radeon Graphics/13.3″ WUXGA IPS/Win 11 Home+OHS 2021/Silver/2Y,Rp 14.300.000,AMD Ryzen 7-8840U,16GB LPDDR5x-6400 (onboard),1TB SSD,AMD Radeon Graphics,,,https://www.plazait.co.id/product/hp-pavilion-aero-13-bg0777au-a0dh4pa-silver-2y
HP Pavilion Aero 13-bg0222AU - A0DH3PA /AMD Ryzen 5-8640U/16GB/512GB SSD/AMD Radeon Graphics/13.3″ WUXGA IPS/Win 11 Home+OHS 2021/Blue/2Y,Rp 12.900.000,AMD Ryzen 5-8640U,16GB LPDDR5x-6400 (onboard),512GB SSD,AMD Radeon Graphics,,,https://www.plazait.co.id/product/hp-pavilion-aero-13-bg0222au-a0dh3pa-blue-2y
HP Pavilion Aero 13-bg0111AU - A0DH2PA /AMD Ryzen 5-8640U/16GB/512GB SSD/AMD Radeon Graphics/13.3″ WUXGA IPS/Win 11 Home+OHS 2021/Silver/2Y,Rp 12.900.000,AMD Ryzen 5-8640U,16GB LPDDR5x-6400 (onboard),512GB SSD,AMD Radeon Graphics,,,https://www.plazait.co.id/product/hp-pavilion-aero-13-bg0111au-a0dh2pa-silver-2y
HP Pavilion Plus 14-ew1006TU - 9X3D6PA /Intel Core Ultra 7-155H/32GB/1TB SSD/Intel Arc Graphics/14″ 2.8K OLED/Win 11 Home+OHS 2021/Blue/2Y,Rp 15.899.000,Intel Core Ultra 7-155H,32GB LPDDR5x (onboard),1TB SSD,Intel Arc Graphics,,,https://www.plazait.co.id/product/hp-pavilion-plus-14-ew1006tu-9x3d6pa-intel-core-ultra-7-155h32gb1tb-ssdintel-arc-graphics14-28k-oledwin-11-homeohs-2021blue2y
HP Pavilion Plus 14-ew1005TU - 9X3D5PA /Intel Core Ultra 7-155H/32GB/1TB SSD/Intel Arc Graphics/14″ 2.8K OLED/Win 11 Home+OHS 2021/Silver/2Y,Rp 15.899.000,Intel Core Ultra 7-155H,32GB LPDDR5x (onboard),1TB SSD,Intel Arc Graphics,,,https://www.plazait.co.id/product/hp-pavilion-plus-14-ew1005tu-9x3d5pa-intel-core-ultra-7-155h32gb1tb-ssdintel-arc-graphics14-28k-oledwin-11-homeohs-2021silver2y
HP Pavilion Plus 14-ew0081TU - 9E3T2PA /Intel Core i7-1355U/16GB/1TB SSD/Intel Iris Xe Graphics/14″ 2.8K OLED/Win 11 Home+OHS 2021/Blue/2Y,Rp 15.950.000,Intel Core i7-1355U,16GB LPDDR5x-5200,1TB SSD,Intel Iris Xe Graphics,,,https://www.plazait.co.id/product/hp-pavilion-plus-14-ew0081tu-9e3t2pa-blue-2y
HP 14-ep0557TU - A20GZPA /Intel Core i3-1215U/8GB/512GB SSD/Intel UHD Graphics/14″ FHD/Win 11 Home+OHS 2021/Gold/2Y,Rp 7.299.000,Intel Core i3-1215U,8GB,512GB SSD,Intel UHD Graphics,,,https://www.plazait.co.id/product/hp-14-ep0557tu-a20gzpa-gold-2y
HP 14-ep0556TU - A20GYPA /Intel Core i3-1215U/8GB/512GB SSD/Intel UHD Graphics/14″ FHD/Win 11 Home+OHS 2021/Blue/2Y,Rp 7.299.000,Intel Core i3-1215U,8GB,512GB SSD,Intel UHD Graphics,,,https://www.plazait.co.id/product/hp-14-ep0556tu-a20gypa-blue-2y
HP 14-ep0555TU - A20GXPA /Intel Core i3-1215U/8GB/512GB SSD/Intel UHD Graphics/14″ FHD/Win 11 Home+OHS 2021/Silver/2Y,Rp 7.299.000,Intel Core i3-1215U,8GB,512GB SSD,Intel UHD Graphics,,,https://www.plazait.co.id/product/hp-14-ep0555tu-a20gxpa-silver-2y
HP Omen 14-fb0054TX - 9T652PA /Intel Core Ultra 7-155H/16GB/1TB SSD/RTX4060 8GB/14″ 2.8K OLED/Win 11 Home+OHS 2021/Shadow Black/2Y,Rp 30.499.000,Intel Core Ultra 7-155H,16GB,1TB SSD,NVIDIA GeForce RTX 4060 8GB,,,https://www.plazait.co.id/product/hp-omen-14-fb0054tx-9t652pa-shadow-black-2y
HP Envy x360 14-fa0888AU - 9X3E6PA /AMD Ryzen 7-8840HS/32GB/1TB SSD/AMD Radeon Graphics/14″ 2.8K OLED Touch/Win 11 Home+OHS 2021/Silver/2Y,Rp 20.600.000,AMD Ryzen 7-8840HS,32GB LPDDR5X on Board,1TB SSD,AMD Radeon Graphics,,,https://www.plazait.co.id/product/hp-envy-x360-14-fa0888au-9x3e6pa-silver-2y
HP Envy x360 14-fc0888TU - 9W3G5PA /Intel Core Ultra 7-155U/16GB/1TB SSD/Intel Arc Graphics/14″ 2.8K OLED Touch/Win 11 Home+OHS 2021/Blue/2Y,Rp 19.200.000,Intel Core Ultra 7-155U,16GB LPDDR5-6400 (on-board),1TB SSD,Intel Arc Graphics,,,https://www.plazait.co.id/product/hp-envy-x360-14-fc0888tu-9w3g5pa-blue-2y
HP Envy x360 14-fc0777TU - 9W3G4PA /Intel Core Ultra 7-155U/16GB/1TB SSD/Intel Arc Graphics/14″ 2.8K OLED Touch/Win 11 Home+OHS 2021/Silver/2Y,Rp 19.200.000,Intel Core Ultra 7-155U,16GB LPDDR5-6400 (on-board),1TB SSD,Intel Arc Graphics,,,https://www.plazait.co.id/product/hp-envy-x360-14-fc0777tu-9w3g4pa-silver-2y
HP Envy x360 14-fc0666TU - A03GWPA /Intel Core Ultra 5-125U/16GB/512GB SSD/Intel Arc Graphics/14″ 2.8K OLED Touch/Win 11 Home+OHS 2021/Blue/2Y,Rp 16.100.000,Intel Core Ultra 5-125U,16GB LPDDR5-6400 (on-board),512GB SSD,Intel Arc Graphics,,,https://www.plazait.co.id/product/hp-envy-x360-14-fc0666tu-a03gwpa-blue-2y
HP Envy x360 14-fc0555TU - A03GVPA /Intel Core Ultra 5-125U/16GB/512GB SSD/Intel Arc Graphics/14″ 2.8K OLED Touch/Win 11 Home+OHS 2021/Silver/2Y,Rp 16.100.000,Intel Core Ultra 5-125U,16GB LPDDR5-6400 (on-board),512GB SSD,Intel Arc Graphics,,,https://www.plazait.co.id/product/hp-envy-x360-14-fc0555tu-a03gvpa-silver-2y
HP 15-fd1777TU - 9Y3P1PA /Intel Core Ultra 7-155H/16GB/512GB SSD/Intel Arc Graphics/15.6″ FHD IPS/Win 11 Home+OHS 2021/Silver/2Y,Rp 12.100.000,Intel Core Ultra 7-155H,16GB DDR5-5600,512GB SSD,Intel Arc Graphics,,,https://www.plazait.co.id/product/hp-15-fd1777tu-9y3p1pa-silver-2y
HP 15-fd1555TU - 9Y3P0PA /Intel Core Ultra 7-155H/16GB/512GB SSD/Intel Arc Graphics/15.6″ FHD IPS/Win 11 Home+OHS 2021/Blue/2Y,Rp 12.100.000,Intel Core Ultra 7-155H,16GB DDR5-5600,512GB SSD,Intel Arc Graphics,,,https://www.plazait.co.id/product/hp-15-fd1555tu-9y3p0pa-blue-2y
HP 15-fd1222TU - 9Y3N9PA /Intel Core Ultra 5-125H/16GB/512GB SSD/Intel Arc Graphics/15.6″ FHD IPS/Win 11 Home+OHS 2021/Blue/2Y,Rp 9.000.000,Intel Core Ultra 5-125H,16GB DDR5-5600,512GB SSD,Intel Arc Graphics,,,https://www.plazait.co.id/product/hp-15-fd1222tu-9y3n9pa-blue-2y
HP 15-fd1111TU - 9Y3N8PA /Intel Core Ultra 5-125H/16GB/512GB SSD/Intel Arc Graphics/15.6″ FHD IPS/Win 11 Home+OHS 2021/Silver/2Y,Rp 9.000.000,Intel Core Ultra 5-125H,16GB DDR5-5600,512GB SSD,Intel Arc Graphics,,,https://www.plazait.co.id/product/hp-15-fd1111tu-9y3n8pa-silver-2y
Asus Vivobook Pro 15 OLED N6506MU-OLEDS712 /Intel Core Ultra 7-155H/24GB/1TB SSD/NVIDIA GeForce RTX 4050 6GB/15.6″ OLED/Win 11 Home+OHS 2021/Earl Grey/2Y,Rp 22.999.000, Intel Core Ultra 7-155H,24GB DDR5,1TB SSD,Intel Arc Graphics,,,https://www.plazait.co.id/product/asus-vivobook-pro-15-oled-n6506mu-oleds712-earl-grey
Asus Zenbook Duo UX8406MA-OLEDS921 /Intel Core Ultra 9-185H/32GB/2TB SSD/Intel Arc Graphics/14″ OLED Touch/Win 11 Home+OHS 2021/Jade Black/2Y,Rp 33.899.000,Intel Core Ultra 9 Processor 185H,32GB LPDDR5X,2TB SSD,Intel Arc Graphics,,,https://www.plazait.co.id/product/asus-zenbook-duo-ux8406ma-oleds921-jade-black
Asus Vivobook 15 A1504VAP-VIPS7101 /Intel Core 7-150U/16GB/1TB SSD/Intel Graphics/15.6″ FHD/Win 11 Home+OHS 2021/Quiet Blue/2Y,Rp 12.099.000,Intel Core 7-150U,16GB DDR4,1TB SSD,Intel Graphics,,,https://www.plazait.co.id/product/asus-vivobook-15-a1504vap-vips7101-quiet-blue
Asus Vivobook 15 A1504VAP-VIPS5504 /Intel Core 5-120U/16GB/512GB SSD/Intel Graphics/15.6″ FHD Touch/Win 11 Home+OHS 2021/Quiet Blue/2Y,Rp 11.699.000,Intel Core 5-120U,16GB DDR4,512GB SSD,Intel Graphics,,,https://www.plazait.co.id/product/asus-vivobook-15-a1504vap-vips5504-quiet-blue
Asus Vivobook 15 A1504VAP-VIPS5503 /Intel Core 5-120U/8GB/512GB SSD/Intel Graphics/15.6″ FHD Touch/Win 11 Home+OHS 2021/Quiet Blue/2Y,Rp 9.299.000,Intel Core 5-120U,8GB DDR4,512GB SSD,Intel Graphics,,,https://www.plazait.co.id/product/asus-vivobook-15-a1504vap-vips5503-quiet-blue
"Dell Latitude 3420 /Intel Core i5-1135G7/8GB/512GB SSD/Intel Iris Xe Graphics/14"" FHD/Windows 11 Pro/Black/3Y",Rp 13.100.000,Intel Core i5-1135G7,8GB,512GB SSD,Intel Iris Xe Graphics,,,https://www.plazait.co.id/product/dell-latitude-3420-intel-core-i5-1135g7-8gb-512gb-ssd-intel-iris-xe-graphics-14-fhd-windows-10-pro-64-black-3y
"Asus TUF F16 FX607JU-I745J1M-O /Intel Core i7-13650HX/16GB/512GB SSD/NVIDIA GeForce RTX 4050 6GB/16"" FHD+/Win 11 Home+OHS/Jaeger Gray/2Y",Rp 20.999.000,13th Gen Intel Core i7-13650HX,16GB DDR5,512GB SSD,NVIDIA GeForce RTX 4050 6GB,,,https://www.plazait.co.id/product/asus-tuf-f16-fx607ju-i745j1m-o-intel-core-i7-13650hx-16gb-512gb-ssd-nvidia-geforce-rtx-4050-6gb-16-fhd-win-11-homeohs-jaeger-gray-2y
"Asus ROG Strix G16 G614JIR-I947CLG-O /Intel Core i9-14900HX/32GB/1TB SSD/NVIDIA GeForce RTX 4070 8GB/16"" QHD+/Win 11 Home+OHS /Eclipse Gray/2Y",Rp 41.999.000,Intel Core i9-14900HX,32GB DDR5,1TB SSD, NVIDIA GeForce RTX 4070 8GB,,,https://www.plazait.co.id/product/asus-rog-strix-g16-g614jir-i947clg-o-intel-core-i9-14900hx-32gb-1tb-ssd-nvidia-geforce-rtx-4070-8gb-16-qhd-win-11-homeohs-eclipse-gray-2y
"Asus TUF Gaming A15 FA507NV-R746KLM-O /AMD Ryzen 7-7735HS/16GB/512GB SSD/NVIDIA GeForce RTX 4060 8GB/15.6"" FHD/Win 11 Home+OHS 2021/Mecha Gray/2Y",Rp 18.499.000,AMD Ryzen 7-7735HS,16GB DDR5,512GB SSD,NVIDIA GeForce RTX 4060 8GB,,,https://www.plazait.co.id/product/asus-tuf-gaming-a15-fa507nv-r746klm-o-mecha-gray
"Asus Zenbook S13 UX5304MA-OLEDS712 /Intel Core Ultra 7-155U/32GB/1TB SSD/Intel Graphics/13.3"" OLED/Win 11 Home+OHS 2021/Basalt Grey/2Y",Rp 21.560.000,Intel Core Ultra 7-155U,32GB LPDDR5X on board,1TB SSD,Intel Graphics,,,https://www.plazait.co.id/product/asus-zenbook-s13-ux5304ma-oleds712-intel-core-ultra-7-155u-32gb-1tb-ssd-intel-graphics-13-3-oled-win-11-homeohs-2021-basalt-grey-2y
"Asus Zenbook S13 UX5304MA-OLEDS711 /Intel Core Ultra 7-155U/32GB/1TB SSD/Intel Graphics/13.3"" OLED/Win 11 Home+OHS 2021/Ponder Blue/2Y",Rp 21.560.000,Intel Core Ultra 7-155U,32GB LPDDR5X on board,1TB SSD,Intel Graphics,,,https://www.plazait.co.id/product/asus-zenbook-s13-ux5304ma-oleds711-intel-core-ultra-7-155u-32gb-1tb-ssd-intel-graphics-13-3-oled-win-11-homeohs-2021-ponder-blue-2y
"Asus ROG Strix G18 G834JYR-I949M6G-O /Intel Core i9-14900HX/32GB/2TB SSD/NVIDIA GeForce RTX 4090 16GB/18"" WQXGA/Win 11 Home+OHS 2021/Off Black/2Y",Rp 78.999.000,Intel Core i9-14900HX,32GB DDR5-5600,2TB SSD,NVIDIA GeForce RTX 4090 16GB,,,https://www.plazait.co.id/product/asus-rog-strix-g18-g834jyr-i949m6g-o-intel-core-i9-14900hx-32gb-2tb-ssd-nvidia-geforce-rtx-4090-16gb-18-wqxga-win-11-homeohs-2021-off-black-2y
"Asus ROG Strix G16 G634JZR-I948M6G-O /Intel Core i9-14900HX/32GB/2TB SSD/NVIDIA GeForce RTX 4080 12GB/16"" QHD+/Win 11 Home+OHS 2021/Off Black/2Y",Rp 72.999.000,Intel Core i9-14900HX,32GB DDR5-5600,2TB SSD,NVIDIA GeForce RTX 4080 12GB,,,https://www.plazait.co.id/product/asus-rog-strix-g16-g634jzr-i948m6g-o-intel-core-i9-14900hx-32gb-2tb-ssd-nvidia-geforce-rtx-4080-12gb-16-qhd-win-11-homeohs-2021-off-black-2y
"Asus ROG Strix G16 G614JIR-I947C6G-O /Intel Core i9-14900HX/32GB/1TB SSD/NVIDIA GeForce RTX 4070 8GB/16"" QHD+/Win 11 Home+OHS 2021/Eclipse Gray/2Y",Rp 41.999.000,Intel Core i9-14900HX,32GB DDR5-5600,1TB SSD,NVIDIA GeForce RTX 4070 8G,,,https://www.plazait.co.id/product/asus-rog-strix-g16-g614jir-i947c6g-o-intel-core-i9-14900hx-32gb-1tb-ssd-nvidia-geforce-rtx-4070-8gb-16-qhd-win-11-homeohs-2021-eclipse-gray-2y
"HP Probook 440 G9 - 6P0H2PA /Intel Core i5-1235U/8GB/512GB SSD/Intel Iris Xe Graphics/14"" FHD/Windows 11 Pro/Silver/1Y",Rp 15.850.000,Intel Core i5-1235U,8GB,512GB SSD,Intel Iris Xe Graphics,,,https://www.plazait.co.id/product/hp-probook-440-g9-6p0h2pa-intel-core-i5-1235u-8gb-512gb-ssd-intel-iris-xe-graphics-14-fhd-windows-11-pro-silver-1y
"Asus Vivobook Pro 16X Creator N7601ZM-OLEDP912/Intel Core i9-12900H/32GB/1TB SSD/NVIDIA GeForce RTX 3060 6GB/16"" OLED/Win11 Home + OHS/Black/2Y",Rp 31.899.000,Intel Core i9-12900H,32GB,1TB SSD,NVIDIA GeForce RTX 3060 6GB,,,https://www.plazait.co.id/product/asus-vivobook-pro-16x-creator-n7601zm-oledp912-intel-core-i9-12900h-32gb-1tb-ssd-nvidia-geforce-rtx-3060-6gb-16-oled-win11-home-ohs-black-2y
"HP EliteBook 8 G1i Next Gen AI - D85GRPT /Intel Core Ultra 7-258V/32GB/1TB SSD/Intel Arc Graphics/14"" WUXGA IPS/Windows 11 Pro/Silver/3Y",Rp 33.210.000,Intel Core Ultra 7-258V,32GB LPDDR5x-8533 MT/s (onboard),1TB SSD,Intel Arc Graphics,,,https://www.plazait.co.id/product/hp-elitebook-8-g1i-next-gen-ai-d85grpt-core-ultra-7-258v-intel-arc-graphics-silver
"Infinix XBOOK 14 Neo /Intel Core i5-1335U/8GB/512GB SSD/14"" WUXGA/Win 11",Rp 10.490.000,Intel Core i5-1335U,8GB DDR4 (2*SODIMM),512GB (PCIE GEN3 M.2 / SATA3.0 M.2),,,,https://www.plazait.co.id/product/infinix-xbook-14-neo-corei5-1335u8gb512gb-ssd14-wuxgawin-11
"Infinix XBOOK 14 Neo /Intel Core I3-1315U/8GB/256GB - 512GB SSD/14"" WUXGA/Win 11",Rp 7.999.000,Intel Core i3-1315U,8GB DDR4 (2*SODIMM),256GB | 512GB (PCIE GEN3 M.2 / SATA3.0 M.2),,,,https://www.plazait.co.id/product/infinix-xbook-14-neo-core-i3-1315u8gb256gb-512gb-ssd14-wuxgawin-11
"Asus Vivobook 14 A1404VAP-VIPS7856M /Intel Core 7-150U/8GB/512GB SSD/Intel Graphics/14"" FHD/Win 11 Home+OH24+M365/Cool Silver/2Y",Rp 15.999.000,Intel Core 7-150U,"8GB DDR5 on board, 1x DDR5 SO-DIMM slot",512GB M.2 NVMe PCIe 4.0 SSD,Intel Graphics,,,https://www.plazait.co.id/product/asus-vivobook-14-a1404vap-vips7856m-core-7-150u8gb512gb-14-fhd-cool-silver
"Asus Vivobook 14 A1404VAP-VIPS7855M /Intel Core 7-150U/8GB/512GB SSD/Intel Graphics/14"" FHD/Win 11 Home+OH24+M365/Terra Cotta/2Y",Rp 15.999.000,Intel Core 7-150U,"8GB DDR5 on board, 1x DDR5 SO-DIMM slot",512GB M.2 NVMe PCIe 4.0 SSD,Intel Graphics,,,https://www.plazait.co.id/product/asus-vivobook-14-a1404vap-vips7855m-core-7-150u8gb-512gb-14-fhd-terra-cotta
"Asus Vivobook 14 A1404VAP-VIPS7115M /Intel Core 7-150U/16GB/1TB SSD/Intel Graphics/14"" FHD/Win 11 Home+OH24+M365/Terra Cotta/2Y",Rp 18.299.000,Intel Core 7-150U,16GB DDR5 (8GB DDR5 on board + 8GB DDR5 SO-DIMM),1TB M.2 NVMe PCIe 4.0 SSD,Intel Graphics,,,https://www.plazait.co.id/product/asus-vivobook-14-a1404vap-vips7115m-core-7-150u16gb1tb-14-fhd-terra-cotta
"Lenovo ThinkPad E14 Gen 8 - 21Y6008JID /Intel Core Ultra 5-325/16GB/512GB SSD/Intel Graphics/14"" WUXGA/Win 11 Pro/Black/3Y",Rp 30.500.000,Intel Core Ultra 5 325,16GB SODIMM DDR5-5600,512GB SSD,Intel Graphics,,,https://www.plazait.co.id/product/lenovo-thinkpad-e14-gen-8-21y6008jid-core-ultra-5-325-intel-graphics-black
Lenovo IdeaPad Slim 3 14IPH11 - 83UQ003CID /Intel Core Ultra 5-322/16GB/512GB SSD/Intel Graphics/14″ WUXGA IPS/Win 11 Home+OH24+M365/Cosmic Blue/2Y,Rp 16.499.000,Intel Core Ultra 5 322,16GB SODIMM DDR5-5600,512GB SSD,Intel Graphics,,,https://www.plazait.co.id/product/lenovo-ideapad-slim-3-14iph11-83uq003cid-core-ultra-5-322-intel-graphics-cosmic-blue
"Lenovo ThinkPad X1 Carbon Gen 13 Aura Edition /Intel Core Ultra 7-255U/16GB/512GB SSD/Intel Graphics/14"" WUXGA/Win 11 Pro/Black/3Y",Rp 43.000.000,Intel Core Ultra 7 255U,16GB Soldered LPDDR5X-8533,512GB SSD,Intel Graphics,,,https://www.plazait.co.id/product/lenovo-thinkpad-x1-carbon-gen-13-aura-edition-core-ultra-7-255u-intel-graphics-black
"Asus Vivobook S14 S3407CA-OLED7151M /Intel Core Ultra 7-255H/16GB/512GB SSD/Intel Graphics/14"" WUXGA/Win 11 Home+OH24+M365/Matte Gray/3Y",Rp 21.300.000,Intel Core Ultra 7-255H,16GB LPDDR5X on board; 1x DDR5 SO-DIMM slot,512GB M.2 NVMe PCIe 4.0 SSD; 1x M.2 2280 PCIe 4.0x4,Intel Graphics,,,https://www.plazait.co.id/product/asus-vivobook-s14-s3407ca-oled7151m-core-ultra-7-255h-16gb-512gb-14-wuxga-matte-gray
"Lenovo ThinkPad E14 Gen8 /Intel Core Ultra 5-332/16GB/512GB SSD/Intel Graphics/14"" WUXGA/Win 11 Pro/Eclipse Black/3Y",Rp 25.800.000,Intel Core Ultra 5 332,16GB SO-DIMM DDR5-5600,512GB SSD,Intel Graphics,,,https://www.plazait.co.id/product/lenovo-thinkpad-e14-gen8-core-ultra-5-332-intel-graphics-eclipse-black
"Lenovo IdeaPad 5 2-in-1 14IPH11 - 83UG001VID /Intel Core Ultra 7-355/16GB/512GB SSD/Intel Graphics/14"" WUXGA Touch/Win 11 Home+OH24+M365/Cosmic Blue/2Y",Rp 21.970.000,Intel Core Ultra 7-355,16GB (2x 8GB SODIMM DDR5-5600),512GB SSD,Intel Graphics,,,https://www.plazait.co.id/product/lenovo-ideapad-5-2-in-1-14iph11-83ug001vid-core-ultra-7-355-intel-graphics-cosmic-blue
"Asus Zenbook 14 UX3405CA-OLED7352TM /Intel Core Ultra 7-255H/32GB/512GB SSD/Intel Arc Graphics/14"" OLED Touch/Win 11 Home+OH24+M365/Foggy Silver/3Y",Rp 31.700.000,Intel Core Ultra 7-255H,32GB LPDDR5X on board,512GB M.2 NVMe PCIe 4.0 SSD; 1x M.2 2280 PCIe 4.0×4,Intel Arc Graphics,,,https://www.plazait.co.id/product/asus-zenbook-14-ux3405ca-oled7352tm-core-ultra-7-255h32gb512gb-14-oled-touch-foggy-silver
Acer Nitro V15 ANV15-52 50AQ /Intel Core 5 210H/16GB/512GB SSD/RTX3050 6GB/15.6″ FHD/Win 11 Home+OH24+M365/Black,Rp 14.299.000,Intel Core 5 210H,16GB DDR5,512GB SSD,NVIDIA GeForce RTX 3050 6GB,,,https://www.plazait.co.id/product/acer-nitro-v15-anv15-52-50aq-core-5-210h-rtx3050-6gb-black
"Lenovo IdeaPad Slim 3 14ARP10 - 83K600FDID /AMD Ryzen 5-7535HS/16GB/512GB SSD/AMD Radeon Graphics/14"" WUXGA IPS/Win 11 Home+OH24+M365/Luna Grey/2Y",Rp 13.299.000,AMD Ryzen 5-7535HS,16GB SODIMM DDR5-4800,512GB SSD,AMD Radeon 660M Graphics,,,https://www.plazait.co.id/product/lenovo-ideapad-slim-3-14arp10-83k600fdid-ryzen-5-7535hs-amd-radeon-graphics-luna-grey
"Lenovo IdeaPad Slim 3 14ARP10 - 83K600FEID /AMD Ryzen 5-7535HS/16GB/512GB SSD/AMD Radeon Graphics/14"" WUXGA IPS/Win 11 Home+OH24+M365/Cosmic Blue/2Y",Rp 13.299.000,AMD Ryzen 5-7535HS,16GB SODIMM DDR5-4800,512GB SSD,AMD Radeon 660M Graphics,,,https://www.plazait.co.id/product/lenovo-ideapad-slim-3-14arp10-83k600feid-ryzen-5-7535hs-amd-radeon-graphics-cosmic-blue
"Apple MacBook Pro M5 Pro (16-inch) 18-core CPU and 20-core GPU - 48GB, 1TB SSD",Rp 70.500.000,M5 Pro,48GB,1TB SSD,,18,20,https://www.plazait.co.id/product/apple-macbook-pro-m5-pro-16-inch-18-core-cpu-and-20-core-gpu-48gb-1tb-ssd
"Apple MacBook Pro M5 Pro (16-inch) 18-core CPU and 20-core GPU - 24GB, 1TB SSD",Rp 57.999.000,M5 Pro,24GB,1TB SSD,,18,20,https://www.plazait.co.id/product/apple-macbook-pro-m5-pro-16-inch-18-core-cpu-and-20-core-gpu-24gb-1tb-ssd
"Apple MacBook Pro M5 Max (14-inch) 18-core CPU and 32-core GPU - 36GB, 2TB SSD",Rp 78.999.000,M5 Max,36GB,2TB SSD,,18,32,https://www.plazait.co.id/product/apple-macbook-pro-m5-max-14-inch-18-core-cpu-and-32-core-gpu-36gb-2tb-ssd
"Apple MacBook Pro M5 Pro (14-inch) 18-core CPU and 20-core GPU - 24GB, 2TB SSD",Rp 61.999.000,M5 Pro,24GB,2TB SSD,,18,20,https://www.plazait.co.id/product/apple-macbook-pro-m5-pro-14-inch-18-core-cpu-and-20-core-gpu-24gb-2tb-ssd
"Apple MacBook Pro M5 Pro (14-inch) 15-core CPU and 16-core GPU - 24GB, 2TB SSD",Rp 57.999.000,M5 Pro,24GB,2TB SSD,,15,16,https://www.plazait.co.id/product/apple-macbook-pro-m5-pro-14-inch-15-core-cpu-and-16-core-gpu-24gb-2tb-ssd
"Apple MacBook Pro M5 Pro (14-inch) 15-core CPU and 16-core GPU - 24GB, 1TB SSD",Rp 48.999.000,M5 Pro,24GB,1TB SSD,,15,16,https://www.plazait.co.id/product/apple-macbook-pro-m5-pro-14-inch-15-core-cpu-and-16-core-gpu-24gb-1tb-ssd
"Apple MacBook Pro M5 (14-inch) 10-core CPU and 10-core GPU - 32GB, 1TB SSD",Rp 46.999.000,M5,32GB,1TB SSD,,10,10,https://www.plazait.co.id/product/apple-macbook-pro-m5-14-inch-10-core-cpu-and-10-core-gpu-32gb-1tb-ssd
Lenovo IdeaPad Slim 3 14IRH10 - 83K000CUID /Intel Core i5-13420H/8GB/512GB SSD/Intel UHD Graphics/14″ WUXGA IPS/Win 11 Home+OH24+M365/Cosmic Blue/2Y,Rp 10.999.000,Intel Core i5-13420H,8GB Soldered DDR5-4800,512GB SSD,Intel UHD Graphics,,,https://www.plazait.co.id/product/lenovo-ideapad-slim-3-14irh10-83k000cuid-core-i5-13420h-intel-uhd-graphics-cosmic-blue
"Lenovo Yoga Slim 7 14ILL11 Aura Edition - 83R0001NID /Intel Core Ultra 7 256V/16GB/512GB SSD/Intel Arc Graphics/14"" WUXGA OLED/Win 11 Home+OH24+M365/Seashell/3Y",Rp 19.799.000,Intel Core Ultra 7 256V,16GB Soldered LPDDR5X-8533,512GB SSD,Intel Arc Graphics 140V,,,https://www.plazait.co.id/product/lenovo-yoga-slim-7-14ill11-aura-edition-83r0001nid-core-ultra-7-256v-intel-arc-graphics-seashell
Lenovo IdeaPad Slim 3 14IPH11 - 83UQ003DID /Intel Core Ultra 7-355/16GB/512GB SSD/Intel Graphics/14″ WUXGA IPS/Win 11 Home+OH24+M365/Luna Grey/2Y,Rp 18.150.000,Intel Core Ultra 7 355,16GB SODIMM DDR5-5600,512GB SSD,Intel Graphics,,,https://www.plazait.co.id/product/lenovo-ideapad-slim-3-14iph11-83uq003did-core-ultra-7-355-intel-graphics-luna-grey
Lenovo IdeaPad Slim 3 14IPH11 - 83UQ003EID /Intel Core Ultra 7-355/16GB/512GB SSD/Intel Graphics/14″ WUXGA IPS/Win 11 Home+OH24+M365/Cosmic Blue/2Y,Rp 18.150.000,Intel Core Ultra 7 355,16GB SODIMM DDR5-5600,512GB SSD,Intel Graphics,,,https://www.plazait.co.id/product/lenovo-ideapad-slim-3-14iph11-83uq003eid-core-ultra-7-355-intel-graphics-cosmic-blue
"Lenovo Yoga 7 2-in-1 14IPH11 Aura Edition - 83TC0054ID /Intel Core Ultra 7-355/24GB/1TB SSD/Intel Graphics/14"" WUXGA OLED Touch/Win 11 Home+OH24+M365/Seashell/3Y",Rp 31.679.000,Intel Core Ultra 7 355,24GB Soldered LPDDR5X-7467,1TB SSD,Intel Graphics,,,https://www.plazait.co.id/product/lenovo-yoga-7-2-in-1-14iph11-83tc0054id-core-ultra-7-355-intel-graphics-seashell
"Lenovo Yoga 7 2-in-1 14AGP11 - 83TD008KID /AMD Ryzen AI 7-445/16GB/512GB SSD/AMD Radeon Graphics/14"" WUXGA OLED Touch/Win 11 Home+OH24+M365/Tidal Teal/3Y",Rp 23.759.000,AMD Ryzen AI 7 445,16GB Soldered LPDDR5X-8000,512GB SSD,AMD Radeon 840M Graphics,,,https://www.plazait.co.id/product/lenovo-yoga-7-2-in-1-14agp11-83td008kid-ryzen-ai-7-445-amd-radeon-graphics-tidal-teal
"Lenovo Yoga 7 2-in-1 14AGP11 - 83TD004AID /AMD Ryzen AI 5-430/16GB/512GB SSD/AMD Radeon Graphics/14"" WUXGA OLED Touch/Win 11 Home+OH24+M365/Tidal Teal/3Y",Rp 22.769.000,AMD Ryzen AI 5 430,16GB Soldered LPDDR5X-8000,512GB SSD,AMD Radeon 840M Graphics,,,https://www.plazait.co.id/product/lenovo-yoga-7-2-in-1-14agp11-83td004aid-ryzen-ai-5-430-amd-radeon-graphics-tidal-teal
"HP Probook 4 G1i - C53YHPT /Intel Core Ultra 7-255U/16GB/1TB SSD/Intel Graphics/14"" WUXGA IPS/Windows 11 Pro/Silver/3Y",Rp 24.710.000,Intel Core Ultra 7-255U,16GB DDR5-5600,1TB SSD,Intel Graphics,,,https://www.plazait.co.id/product/hp-probook-4-g1i-c53yhpt-core-ultra-7-255u-intel-graphics-silver
"Apple MacBook Air M5 (15-inch) 10-core CPU and 10-core GPU – 24GB, 1TB SSD",Rp 39.250.000,M5,24GB,1TB SSD,,10,10,https://www.plazait.co.id/product/apple-macbook-air-m5-15-inch-10-core-cpu-and-10-core-gpu-24gb-1tb-ssd
"Apple MacBook Air M5 (15-inch) 10-core CPU and 10-core GPU – 16GB, 1TB SSD",Rp 35.430.000,M5,16GB,1TB SSD,,10,10,https://www.plazait.co.id/product/apple-macbook-air-m5-15-inch-10-core-cpu-and-10-core-gpu-16gb-1tb-ssd
"Apple MacBook Air M5 (15-inch) 10-core CPU and 10-core GPU – 16GB, 512GB SSD",Rp 28.750.000,M5,16GB,512GB SSD,,10,10,https://www.plazait.co.id/product/apple-macbook-air-m5-15-inch-10-core-cpu-and-10-core-gpu-16gb-512gb-ssd
"Apple MacBook Air M5 (13-inch) 10-core CPU and 10-core GPU – 16GB, 1TB SSD",Rp 31.250.000,M5,16GB,1TB SSD,,10,10,https://www.plazait.co.id/product/apple-macbook-air-m5-13-inch-10-core-cpu-and-10-core-gpu-16gb-1tb-ssd
"Lenovo Yoga Slim 7 Ultra 14IPH11 FIFA Edition - 83QK002AID /Intel Core Ultra 7-355/32GB/1TB SSD/Intel Graphics/14"" 2.8K WQXGA+ POLED/Win 11 Home+OH24+M365/Cosmic Blue/3Y",Rp 36.629.000,Intel Core Ultra 7-355,32GB Soldered LPDDR5X-7467,1TB SSD,Intel Graphics,,,https://www.plazait.co.id/product/lenovo-yoga-slim-7-ultra-14iph11-fifa-edition-83qk002aid-core-ultra-7-355-intel-graphics-cosmic-blue
"Lenovo Legion Pro 7 16IAX10H - 83F500HSID /Intel Core Ultra 9-275HX/32GB/1TB SSD/RTX5070 Ti 12GB/16"" WQXGA/Win 11 Home+OH24+M365/Eclipse Black/3Y",Rp 61.379.000,Intel Core Ultra 9-275HX,32GB (2x 16GB CSODIMM DDR5-6400),1TB SSD,NVIDIA GeForce RTX5070 Ti 12GB,,,https://www.plazait.co.id/product/lenovo-legion-pro-7-16iax10h-83f500hsid-core-ultra-9-275hx-rtx5070-ti-12gb-eclipse-black
"Lenovo Legion Pro 5 16AFR10 - 83F2002FID /AMD Ryzen 9 9955HX/32GB/1TB SSD/RTX5070 8GB/16"" WQXGA OLED/Win 11 Home+OH24+M365/Eclipse Black/3Y",Rp 37.599.000,AMD Ryzen 9 9955HX,32GB (2x 16GB SODIMM DDR5-5600),1TB SSD,NVIDIA GeForce RTX 5070 8GB,,,https://www.plazait.co.id/product/lenovo-legion-pro-5-16afr10-83f2002fid-ryzen-9-9955hx-rtx5070-8gb-eclipse-black
"Asus ExpertBook Ultra B9406CAA-THX7313WS /Intel Core Ultra X7-358H/32GB/1TB SSD/Intel Arc B390/14"" WQXGA+ Touch/Win 11 Home+OH24+M365/Jet Fog/2Y",Rp 47.599.000,Intel Core Ultra X7-358H,32GB LPDDR5X on board,1TB M.2 2280 NVMe PCIe 4.0 SSD,Intel Arc B390,,,https://www.plazait.co.id/product/asus-expertbook-ultra-b9406caa-thx7313ws-core-ultra-x7-358h-32gb-1tb-14-wqxga-touch-jet-fog
"Asus ExpertBook P1 P1403CVA-S65152X /Intel Core 5-210H/16GB/512GB SSD/Intel Graphics/14"" FHD/Win 11 Pro+M365/Misty Grey/2Y",Rp 13.699.000,Intel Core 5-210H,16GB DDR5 SO-DIMM,512GB M.2 2280 NVMe PCIe 4.0 SSD,Intel Graphics,,,https://www.plazait.co.id/product/asus-expertbook-p1-p1403cva-s65152x-core-5-210h-16gb-512gb-14-fhd-misty-grey
"Asus ExpertBook P1 P1403CVA-S65852X /Intel Core 5-210H/8GB/512GB SSD/Intel UHD Graphics/14"" FHD/Win 11 Pro+M365/Misty Grey/2Y",Rp 11.899.000,Intel Core 5-210H,"8GB DDR5 SO-DIMM, Memory Max Up to:64GB",512GB M.2 2280 NVMe PCIe 4.0 SSD,Intel UHD Graphics,,,https://www.plazait.co.id/product/asus-expertbook-p1-p1403cva-s65852x-core-5-210h-8gb-512gb-14-fhd-misty-grey
"Asus ExpertBook P1 P1403CVA-S63852X /Intel Core 3-100U/8GB/512GB SSD/Intel UHD Graphics/14"" FHD/Win 11 Pro+M365/Misty Grey/2Y",Rp 10.299.000,Intel Core 3-100U,8GB DDR5 SO-DIMM,512GB M.2 2280 NVMe PCIe 4.0 SSD,Intel UHD Graphics,,,https://www.plazait.co.id/product/asus-expertbook-p1-p1403cva-s63852x-core-3-100u-8gb-512gb-14-fhd-misty-grey
"Lenovo IdeaPad Slim 5 14AGP11 - 83S1003CID /AMD Ryzen AI 7 445/16GB/512GB SSD/AMD Radeon Graphics/14"" WUXGA OLED/Win 11 Home+OH24+M365/Cosmic Blue/2Y",Rp 18.809.000,AMD Ryzen AI 7 445,16GB (2x 8GB SODIMM DDR5-5600),512GB SSD,AMD Radeon 840M Graphics,,,https://www.plazait.co.id/product/lenovo-ideapad-slim-5-14agp11-83s1003cid-ryzen-ai-7-445-amd-radeon-graphics-cosmic-blue
"Asus ExpertBook PM1 PM1403CDA-S65151WS /AMD Ryzen 5-150/16GB/512GB SSD/AMD Radeon Graphics/14"" FHD/Win 11 Home+OH24+M365/Misty Grey/3Y",Rp 11.990.000,AMD Ryzen 5-150,"16GB DDR5 SO-DIMM, Memory Max Up to:64GB",512GB M.2 2280 NVMe PCIe 4.0 SSD,AMD Radeon Graphics,,,https://www.plazait.co.id/product/asus-expertbook-p1-pm1403cda-s65151ws-ryzen-5-150-16gb-512gb-14-fhd-misty-grey
"Lenovo Legion 5 15AGP11 - 83Q6001EID /AMD Ryzen AI 9 465/32GB/1TB SSD/RTX5060 8GB/15.3"" WQXGA/Win 11 Home+OH24+M365/Eclipse Black/3Y",Rp 42.569.000,AMD Ryzen AI 9 465,32GB (2x 16GB SODIMM DDR5-5600),1TB SSD,NVIDIA GeForce RTX5060 8GB,,,https://www.plazait.co.id/product/lenovo-legion-5-15agp11-83q6001eid-ryzen-ai-9-465-rtx5060-8gb-eclipse-black
"Lenovo Legion 5 15AHP11 - 83Q7001NID /AMD Ryzen 7 250/16GB/512GB SSD/RTX5060 8GB/15.3"" WQXGA/Win 11 Home+OH24+M365/Eclipse Black/3Y",Rp 31.189.000,AMD Ryzen 7 250,16GB SODIMM DDR5-5600,512GB SSD,NVIDIA GeForce RTX5060 8GB,,,https://www.plazait.co.id/product/lenovo-legion-5-15ahp11-83q7001nid-ryzen-7-250-rtx5060-8gb-eclipse-black
Lenovo IdeaPad Slim 3 14IRH10 - 83K000FRID /Intel Core i7-13620H/16GB/512GB SSD/Intel UHD Graphics/14″ WUXGA IPS/Win 11 Home+OH24+M365/Luna Grey/2Y,Rp 15.999.000,Intel Core i7-13620H,16GB SODIMM DDR5-4800,512GB SSD,Intel UHD Graphics,,,https://www.plazait.co.id/product/lenovo-ideapad-slim-3-14irh10-83k000frid-core-i7-13620h-intel-uhd-graphics-luna-grey
"Asus Vivobook 14 A1407QA-VIPSP113M /Snapdragon X X1 26 100/16GB/1TB SSD/Qualcomm Adreno GPU/14"" WUXGA/Win 11 Home+OH24+M365/Cool Silver/2Y",Rp 12.999.000,Snapdragon X X1 26 100,16GB LPDDR5X on board,1TB M.2 NVMe PCIe 4.0 SSD,Qualcomm Adreno GPU,,,https://www.plazait.co.id/product/asus-vivobook-14-a1407qa-vipsp113m-snapdragon-x-x1-26-100-16gb-1tb-14-wuxga-cool-silver
"Asus Vivobook 14 M1407KA-VIPS5156M /AMD Ryzen AI 5-340/16GB/512GB SSD/AMD Radeon Graphics/14"" WUXGA/Win 11 Home+OH24+M365/Cool Silver/2Y",Rp 11.399.000,AMD Ryzen AI 5-330,16GB DDR5 on board,512GB M.2 NVMe PCIe 4.0 SSD,AMD Radeon Graphics,,,https://www.plazait.co.id/product/asus-vivobook-14-m1407ka-vips5156m-ryzen-ai-5-340-16gb-512gb-14-wuxga-cool-silver
"Asus Vivobook 14 M1407KA-VIPS5155M /AMD Ryzen AI 5-340/16GB/512GB SSD/AMD Radeon Graphics/14"" WUXGA/Win 11 Home+OH24+M365/Platinum Gold/2Y",Rp 11.399.000,AMD Ryzen AI 5 330,16GB DDR5 on board,512GB M.2 NVMe PCIe 4.0 SSD,AMD Radeon Graphics,,,https://www.plazait.co.id/product/asus-vivobook-14-m1407ka-vips5155m-ryzen-ai-5-340-16gb-512gb-14-wuxga-platinum-gold
"Asus Vivobook 14 M1407KA-VIPS5154M /AMD Ryzen AI 5-340/16GB/512GB SSD/AMD Radeon Graphics/14"" WUXGA/Win 11 Home+OH24+M365/Quiet Blue/2Y",Rp 11.399.000,AMD Ryzen AI 5-330,16GB DDR5 on board,512GB M.2 NVMe PCIe 4.0 SSD,AMD Radeon Graphics,,,https://www.plazait.co.id/product/asus-vivobook-14-m1407ka-vips5154m-ryzen-ai-5-340-16gb-512gb-14-wuxga-quiet-blue
"Asus ExpertBook P1 P1403CVA-S65152WS /Intel Core 5-210H/16GB/512GB SSD/Intel Graphics/14"" FHD/Win 11 Home+OH24+M365/Misty Grey/3Y",Rp 12.999.000,Intel Core 5-210H,"16GB DDR5 SO-DIMM, 2x DDR5 SO-DIMM",512GB M.2 2280 NVMe PCIe 4.0 SSD,Intel Graphics,,,https://www.plazait.co.id/product/asus-expertbook-p1-p1403cva-s65152ws-core-5-210h-16gb-512gb-14-fhd-misty-grey
"Acer Nitro Lite 16 NL16-71G 76RN /Intel Core 7-240H/16GB/512GB SSD/RTX3050 6GB/16"" WUXGA/Win 11 Home+OH24/Black",Rp 14.499.000,Intel Core 7-240H,16GB DDR5,512GB SSD,NVIDIA GeForce RTX 3050 6GB,,,https://www.plazait.co.id/product/acer-nitro-lite-16-nl16-71g-76rn-core-7-240h-rtx3050-6gb-black
"Asus Vivobook S14 S3407VA-VIPS5152M /Intel Core 5-210H/16GB/512GB SSD/Intel UHD Graphics/14"" WUXGA/Win 11 Home+OH24+M365/Cool Silver/3Y",Rp 16.999.000,Intel Core 5-210H,8GB DDR5 on board + 8GB DDR5 SO-DIMM,512GB M.2 NVMe PCIe 4.0 SSD,Intel UHD Graphics,,,https://www.plazait.co.id/product/asus-vivobook-s14-s3407va-vips5152m-core-5-210h-8gb-512gb-14-wuxga-cool-silver
"HP Probook 4 G1i - C53YJPT /Intel Core Ultra 5-225U/16GB/512GB SSD/Intel Graphics/14"" WUXGA IPS/Windows 11 Pro/Silver/3Y",Rp 19.410.000,Intel Core Ultra 5-225U,16GB DDR5-5600,512GB SSD,Intel Graphics,,,https://www.plazait.co.id/product/hp-probook-4-g1i-c53yjpt-core-ultra-5-225u-intel-graphics-silver
"Lenovo IdeaPad Slim 3 14ARP10 - 83K6008AID /AMD Ryzen 5-7535HS/16GB/512GB SSD/AMD Radeon Graphics/14"" WUXGA IPS/Win 11 Home+OH24+M365/Cosmic Blue/2Y",Rp 11.599.000,AMD Ryzen 5-7535HS,16GB (8GB Soldered DDR5-4800 + 8GB SODIMM DDR5-4800),512GB SSD,AMD Radeon 660M Graphics,,,https://www.plazait.co.id/product/lenovo-ideapad-slim-3-14arp10-83k6008aid-ryzen-5-7535hs-amd-radeon-graphics-cosmic-blue
"Lenovo IdeaPad Slim 3 14ARP10 - 83K60089ID /AMD Ryzen 5-7535HS/16GB/512GB SSD/AMD Radeon Graphics/14"" WUXGA IPS/Win 11 Home+OH24+M365/Luna Grey/2Y",Rp 11.599.000,AMD Ryzen 5-7535HS,16GB (8GB Soldered DDR5-4800 + 8GB SODIMM DDR5-4800),512GB SSD,AMD Radeon 660M Graphics,,,https://www.plazait.co.id/product/lenovo-ideapad-slim-3-14arp10-83k60089id-ryzen-5-7535hs-amd-radeon-graphics-luna-grey
"Asus Zenbook S14 UX5406AA-OLEDS9312TM /Intel Core Ultra 9-386H/32GB/1TB SSD/Intel Graphics/14"" OLED Touch/Win 11 Home+OH24+M365/Scandinavian White/3Y",Rp 33.999.000,Intel Core Ultra 9-386H,32GB LPDDR5X on board,1TB M.2 NVMe PCIe 4.0 SSD,Intel Graphics,,,https://www.plazait.co.id/product/asus-zenbook-s14-ux5406aa-oleds9312tm-core-ultra-9-386h-32gb-1tb-14-oled-touch-scandinavian-white
"Asus Vivobook 14 A1404VAP-VIPS3851M /Intel Core 3-100U/8GB/512GB SSD/Intel Graphics/14"" FHD/Win 11 Home+OH24+M365/Quiet Blue/2Y",Rp 11.999.000,Intel Core 3-100U,"8GBDDR5on board, 1xDDR5SO-DIMM slot",512GB M.2 NVMe PCIe 4.0 SSD,Intel Graphics,,,https://www.plazait.co.id/product/asus-vivobook-14-a1404vap-vips3851m-core-3-100u-8gb-512gb-14-fhd-quiet-blue
"Asus Vivobook S14 M3407HA-OLED7152M /AMD Ryzen 7-260/16GB/512GB SSD/AMD Radeon Graphics/14"" WUXGA/Win 11 Home+OH24+M365/Cool Silver/3Y",Rp 15.899.000,AMD Ryzen 7-260,16GB DDR5 on board,512GB M.2 NVMe PCIe 4.0 SSD,AMD Radeon Graphics,,,https://www.plazait.co.id/product/asus-vivobook-s14-m3407ha-oled7152m-ryzen-7-2601-6gb-512gb-cool-silver
"Asus Vivobook S14 M3407HA-OLED7151M /AMD Ryzen 7-260/16GB/512GB SSD/AMD Radeon Graphics/14"" WUXGA/Win 11 Home+OH24+M365/Matte Gray/3Y",Rp 15.899.000,AMD Ryzen 7-260,16GB DDR5 on board,512GB M.2 NVMe PCIe 4.0 SSD,AMD Radeon Graphics,,,https://www.plazait.co.id/product/asus-vivobook-s14-m3407ha-oled7151m-ryzen-7-260-16gb-512gb-matte-gray
"Lenovo Yoga 7 2-in-1 14AKP10 - 83JR009UID /AMD Ryzen AI 7-350/16GB/1TB SSD/AMD Radeon Graphics/14"" WUXGA OLED Touch/Win 11 Home+OH24+M365/Tidal Teal/3Y",Rp 19.999.000,AMD Ryzen AI 7-350,16GB Soldered LPDDR5-6400,1TB SSD,AMD Radeon 860M Graphics,,,https://www.plazait.co.id/product/lenovo-yoga-7-2-in-1-14akp10-83jr009uid-ryzen-ai-7-350-amd-radeon-graphics-tidal-teal
"HP OmniBook 7 Aero 13-bg1667AU - BM7R1PA /AMD Ryzen AI 5-340/16GB/512GB SSD/AMD Radeon Graphics/13.3"" WUXGA/Win 11 Home+OH24+M365/White/2Y",Rp 15.820.000,AMD Ryzen AI 5-340,16GB LPDDR5x-7500 (onboard),512GB SSD,AMD Radeon 840M Graphics,,,https://www.plazait.co.id/product/hp-omnibook-7-aero-13-bg1667au-bm7r1pa-ryzen-ai-5-340-amd-radeon-graphics-white
"HP OmniBook 7 Aero 13-bg1666AU - BM7R0PA /AMD Ryzen AI 5-340/16GB/512GB SSD/AMD Radeon Graphics/13.3"" WUXGA/Win 11 Home+OH24+M365/Silver/2Y",Rp 15.820.000,AMD Ryzen AI 5-340,16GB LPDDR5x-7500 (onboard),512GB SSD,AMD Radeon 840M Graphics,,,https://www.plazait.co.id/product/hp-omnibook-7-aero-13-bg1666au-bm7r0pa-ryzen-ai-5-340-amd-radeon-graphics-silver
"HP OmniBook 7 Aero 13-bg1778AU - BM7R3PA /AMD Ryzen AI 7-350/16GB/512GB SSD/AMD Radeon Graphics/13.3"" WQXGA/Win 11 Home+OH24+M365/White/2Y",Rp 17.045.000,AMD Ryzen AI 7-350,16GB LPDDR5x-7500 (onboard),512GB SSD,AMD Radeon 860M Graphics,,,https://www.plazait.co.id/product/hp-omnibook-7-aero-13-bg1778au-bm7r3pa-ryzen-ai-7-350-amd-radeon-graphics-white
"Asus Vivobook 16 M1605NAQ-OLED5152M /AMD Ryzen 5-150/16GB/512GB SSD/AMD Radeon Graphics/16"" WUXGA/Win 11 Home+OH24+M365/Cool Silver2Y",Rp 13.080.000,AMD Ryzen 5-150,16GB DDR5 (8GB DDR5 on board + 8GB DDR5 SO-DIMM),512GB M.2 NVMe PCIe 4.0 SSD,AMD Radeon Graphics,,,https://www.plazait.co.id/product/asus-vivobook-16-m1605naq-oled5152m-ryzen-5-150-16gb-512gb-16-wuxga-cool-silver
"Asus Vivobook 16 M1605NAQ-OLED5151M /AMD Ryzen 5-150/16GB/512GB SSD/AMD Radeon Graphics/16"" WUXGA/Win 11 Home+OH24+M365/Indie Black/2Y",Rp 13.080.000,AMD Ryzen 5-150,16GB DDR5 (8GB DDR5 on board + 8GB DDR5 SO-DIMM),512GB M.2 NVMe PCIe 4.0 SSD,AMD Radeon Graphics,,,https://www.plazait.co.id/product/asus-vivobook-16-m1605naq-oled5151m-ryzen-5-150-16gb-512gb-16-wuxga-indie-black
"Asus Vivobook 15 A1504VAP-VIPS5153TM /Intel Core 5-120U/16GB/512GB SSD/Intel Graphics/15.6"" FHD Touch/Win 11 Home+OH24+M365/Cool Silver/2Y",Rp 13.299.000,Intel Core 5-120U,16GB DDR5 (8GB DDR5 on board + 8GB DDR5 SO-DIMM),512GB M.2 NVMe PCIe 4.0 SSD,Intel Graphics,,,https://www.plazait.co.id/product/asus-vivobook-15-a1504vap-vips5153tm-core-5-120u-16gb-512gb-156-fhd-touch-cool-silver
"Asus Vivobook 15 A1504VAP-VIPS5151TM /Intel Core 5-120U/16GB/512GB SSD/Intel Graphics/15.6"" FHD Touch/Win 11 Home+OH24+M365/Quiet Blue/2Y",Rp 13.299.000,Intel Core 5-120U,16GB DDR5 (8GB DDR5 on board + 8GB DDR5 SO-DIMM),512GB M.2 NVMe PCIe 4.0 SSD,Intel Graphics,,,https://www.plazait.co.id/product/asus-vivobook-15-a1504vap-vips5151tm-core5-120u-16gb-512gb-quiet-blue
"Infinix XBOOK B14 /AMD Ryzen 7-7735HS/8GB/512GB SSD/AMD Radeon Graphics/14"" WUXGA /Win 11 Home/2Y",Rp 8.999.000,AMD Ryzen 7-7735HS,8GB | 16GB DDR5 (Onboard),512GB M.2 2280 NVMe PCIe SSD,AMD Radeon,,,https://www.plazait.co.id/product/infinix-xbook-b14-amd-ryzen-7-7735hs-8gb-512gb
"Infinix XBOOK B14 /AMD Ryzen 7-5825U/8GB/512GB SSD/AMD Radeon Graphics/14"" WUXGA /Win 11 Home/Silver/2Y",Rp 7.899.000,AMD Ryzen 7-5825U,"8GB DDR4-3200MHz, onboard",512GB PCIe NVMe M.2 SSD,AMD Radeon Graphic 680M,,,https://www.plazait.co.id/product/infinix-xbook-b14-ryzen-7-5825u-8gb-512gb-radeon-graphics-silver
"Infinix XBOOK B14 /AMD Ryzen 5-5500U/8GB/256GB SSD/AMD Radeon Graphics/14"" WUXGA /Win 11 Home/Silver/2Y",Rp 6.999.000,AMD Ryzen 5-5500U,"8GB DDR4-3200MHz, onboard",256GB M.2 PCIe 3.0 x2 2280 NVMe,AMD Radeon Graphics,,,https://www.plazait.co.id/product/infinix-xbook-b14-ryzen-5-5500u-8gb-256gb-radeon-graphics-ilver
Lenovo Gaming LOQ 15IRX11 Essential - 83SC003DID /Intel Core i5-13450HX/16GB/512GB SSD/RTX5060 8GB/15.6″ FHD/Win 11 Home+OH24+M365/Luna Grey/2Y,Rp 20.499.000,Intel Core i5-13450HX,16GB SODIMM DDR5-4800,512GB SSD,NVIDIA GeForce RTX 5060 8GB,,,https://www.plazait.co.id/product/lenovo-gaming-loq-15irx11-essential-83sc003did-core-i5-13450hx-rtx5060-8gb-luna-grey
Lenovo Gaming LOQ 15IRX11 Essential - 83SC003KID /Intel Core i5-13450HX/16GB/512GB SSD/RTX5050 8GB/15.6″ FHD/Win 11 Home+OH24+M365/Luna Grey/2Y,Rp 18.999.000,Intel Core i5-13450HX,16GB SODIMM DDR5-4800,512GB SSD,NVIDIA GeForce RTX 5050 8GB,,,https://www.plazait.co.id/product/lenovo-gaming-loq-15irx11-essential-83sc003kid-core-i5-13450hx-rtx5050-8gb-luna-grey
"Lenovo IdeaPad Slim 5 14AHP10 - 83HV003XID /AMD Ryzen 7-8845HS/16GB/512GB SSD/AMD Radeon 780M Graphics/14"" WUXGA OLED/Win 11 Home+OH24+M365/Luna Grey/2Y",Rp 17.720.000,AMD Ryzen 7-8845HS,16GB (2x 8GB SO-DIMM DDR5-5600),512GB SSD,AMD Radeon 780M Graphics,,,https://www.plazait.co.id/product/lenovo-ideapad-slim-5-14ahp10-83hv003xid-ryzen-7-8845hs-amd-radeon-780m-graphics-luna-grey
"Lenovo IdeaPad Slim 5 14AHP10 - 83HV003WID /AMD Ryzen 7-8845HS/16GB/512GB SSD/AMD Radeon 780M Graphics/14"" WUXGA OLED/Win 11 Home+OH24+M365/Cosmic Blue/2Y",Rp 17.720.000,AMD Ryzen 7-8845HS,16GB (2x 8GB SO-DIMM DDR5-5600),512GB SSD,AMD Radeon 780M Graphics,,,https://www.plazait.co.id/product/lenovo-ideapad-slim-5-14ahp10-83hv003wid-ryzen-7-8845hs-amd-radeon-780m-graphics-cosmic-blue
"Lenovo IdeaPad Slim 5 13ARP10 - 83J2005KID /AMD Ryzen 7-7735HS/16GB/512GB SSD/AMD Radeon 680M Graphics/13.3"" WUXGA IPS/Win 11 Home+OH24+M365/Cloud Grey/2Y",Rp 16.829.000,AMD Ryzen 7-7735HS,16GB Soldered LPDDR5x-6400,512GB SSD,AMD Radeon 680M Graphics,,,https://www.plazait.co.id/product/lenovo-ideapad-slim-5-13arp10-83j2005kid-ryzen-7-7735hs-amd-radeon-680m-graphics-cloud-grey
"Lenovo IdeaPad 5 2-in-1 14AKP10 - 83KT0065ID /AMD Ryzen AI 7-350/16GB/512GB SSD/AMD Radeon Graphics/14"" WUXGA Touch/Win 11 Home+OH24+M365/Cosmic Blue/2Y",Rp 20.399.000,AMD Ryzen AI 7-350,16GB Soldered LPDDR5x-7500,512GB SSD,AMD Radeon 860M Graphics,,,https://www.plazait.co.id/product/lenovo-ideapad-5-2-in-1-14akp10-83kt0065id-ryzen-ai-7-350-amd-radeon-graphics-cosmic-blue
"Lenovo IdeaPad 5 2-in-1 14AKP10 - 83KT0066ID /AMD Ryzen AI 7-350/16GB/512GB SSD/AMD Radeon Graphics/14"" WUXGA Touch/Win 11 Home+OH24+M365/Luna Grey/2Y",Rp 20.399.000,AMD Ryzen AI 7-350,16GB Soldered LPDDR5x-7500,512GB SSD,AMD Radeon 860M Graphics,,,https://www.plazait.co.id/product/lenovo-ideapad-5-2-in-1-14akp10-83kt0066id-ryzen-ai-7-350-amd-radeon-graphics-luna-grey
"HP HyperX OMEN 15-gb0777AX - D36Z1PA /AMD Ryzen 7-260/16GB/1TB SSD/RTX5060 8GB/15.3"" WQXGA 180Hz/Win 11 Home+OHS24/Shadow Black/2Y",Rp 24.520.000,AMD Ryzen 7-260,16GB DDR5-5600,1TB SSD,NVIDIA GeForce RTX5060 8GB,,,https://www.plazait.co.id/product/hp-hyperx-omen-15-gb0777ax-d36z1pa-ryzen-7-260-rtx5060-8gb-shadow-black
"HP HyperX OMEN 15-gb0666AX - D36Z0PA /AMD Ryzen 7-260/16GB/1TB SSD/RTX5050 8GB/15.3"" WQXGA 180Hz/Win 11 Home+OHS24/Shadow Black/2Y",Rp 23.020.000,AMD Ryzen 7-260,16GB DDR5-5600,1TB SSD,NVIDIA GeForce RTX5050 8GB,,,https://www.plazait.co.id/product/hp-hyperx-omen-15-gb0666ax-d36z0pa-ryzen-7-260-rtx5050-8gb-shadow-black
"HP HyperX OMEN 15-gb0555AX - D36YYPA /AMD Ryzen 5-240/16GB/1TB SSD/RTX5050 8GB/15.3"" WQXGA 180Hz/Win 11 Home+OHS24/Shadow Black/2Y",Rp 21.120.000,AMD Ryzen 5-240,16GB DDR5-5600,1TB SSD,NVIDIA GeForce RTX5050 8GB,,,https://www.plazait.co.id/product/hp-hyperx-omen-15-gb0555ax-d36yypa-ryzen-5-240-rtx5050-8gb-shadow-black
"Asus Zenbook S16 UM5606GA-OLEDS9311TM /AMD Ryzen AI 9 465/32GB/1TB SSD/AMD Radeon Graphics/16"" OLED Touch/Win 11 Home+OH24+M365/Antrim Gray/3Y",Rp 32.690.000,"AMD Ryzen AI 9 465 Processor 2.0GHz (34MB Cache, up to 5.0GHz, 10 cores, 20 Threads); AMD XDNA NPU up to 50TOPS",32GB LPDDR5X on board,1TB M.2 NVMe PCIe 4.0 SSD,AMD Radeon Graphics,,,https://www.plazait.co.id/product/asus-zenbook-s16-um5606ga-oleds9311tm-ryzen-ai-9-465-32gb-1tb-radeon-graphics-antrim-gray
"Lenovo IdeaPad 5 2-in-1 14AKP10 - 83KT0063ID /AMD Ryzen AI 5-340/16GB/512GB SSD/AMD Radeon Graphics/14"" WUXGA Touch/Win 11 Home+OH24+M365/Luna Grey/2Y",Rp 19.409.000,AMD Ryzen AI 5-340,16GB Soldered LPDDR5x-7500,512GB SSD,AMD Radeon 840M Graphics,,,https://www.plazait.co.id/product/lenovo-ideapad-5-2-in-1-14akp10-83kt0063id-ryzen-ai-5-340-amd-radeon-graphics-luna-grey
"Lenovo IdeaPad 5 2-in-1 14AKP10 - 83KT0064ID /AMD Ryzen AI 5-340/16GB/512GB SSD/AMD Radeon Graphics/14"" WUXGA Touch/Win 11 Home+OH24+M365/Cosmic Blue/2Y",Rp 19.409.000,AMD Ryzen AI 5-340,16GB Soldered LPDDR5x-7500,512GB SSD,AMD Radeon 840M Graphics,,,https://www.plazait.co.id/product/lenovo-ideapad-5-2-in-1-14akp10-83kt0064id-ryzen-ai-5-340-amd-radeon-graphics-cosmic-blue
"Lenovo IdeaPad 5 2-in-1 14IAL10 - 83KR0063ID /Intel Core Ultra 7-255U/16GB/512GB SSD/Intel Graphics/14"" WUXGA Touch/Win 11 Home+OH24+M365/Luna Grey/2Y",Rp 20.690.000,Intel Core Ultra 7-255U,16GB Soldered LPDDR5x-8000,512GB SSD,Intel Graphics,,,https://www.plazait.co.id/product/lenovo-ideapad-5-2-in-1-14ial10-83kr0063id-core-ultra-7-255u-intel-graphics-luna-grey
"Lenovo IdeaPad 5 2-in-1 14IAL10 - 83KR0062ID /Intel Core Ultra 7-255U/16GB/512GB SSD/Intel Graphics/14"" WUXGA Touch/Win 11 Home+OH24+M365/Cosmic Blue/2Y",Rp 20.690.000,Intel Core Ultra 7-255U,16GB Soldered LPDDR5x-8000,512GB SSD,Intel Graphics,,,https://www.plazait.co.id/product/lenovo-ideapad-5-2-in-1-14ial10-83kr0062id-core-ultra-7-255u-intel-graphics-cosmic-blue
"Lenovo IdeaPad 5 2-in-1 14IAL10 - 83KR0060ID /Intel Core Ultra 5-225U/16GB/512GB SSD/Intel Graphics/14"" WUXGA Touch/Win 11 Home+OH24+M365/Cosmic Blue/2Y",Rp 18.910.000,Intel Core Ultra 5-225U,16GB Soldered LPDDR5x-8000,512GB SSD,Intel Graphics,,,https://www.plazait.co.id/product/lenovo-ideapad-5-2-in-1-14ial10-83kr0060id-core-ultra-5-225u-intel-graphics-cosmic-blue
"Lenovo IdeaPad 5 2-in-1 14IRH9 - 83KX008BID /Intel Core i7-13620H/16GB/512GB SSD/Intel UHD Graphics/14"" WUXGA OLED Touch/Win 11 Home+OH24+M365/Luna Grey/2Y",Rp 18.299.000,Intel Core i7-13620H,16GB Soldered LPDDR5x-5200,512GB SSD,Intel UHD Graphics,,,https://www.plazait.co.id/product/lenovo-ideapad-5-2-in-1-14irh9-83kx008bid-core-i7-13620h-intel-uhd-graphics-luna-grey
"Lenovo IdeaPad 5 2-in-1 14IRH9 - 83KX008AID /Intel Core i7-13620H/16GB/512GB SSD/Intel UHD Graphics/14"" WUXGA OLED Touch/Win 11 Home+OH24+M365/Cosmic Blue/2Y",Rp 18.299.000,Intel Core i7-13620H,16GB Soldered LPDDR5x-5200,512GB SSD,Intel UHD Graphics,,,https://www.plazait.co.id/product/lenovo-ideapad-5-2-in-1-14irh9-83kx008aid-core-i7-13620h-intel-uhd-graphics-cosmic-blue
"Asus ROG Zephyrus G16 GU605CM-I9N56OL6G-HM /Intel Core Ultra 9-285H/32GB/1TB SSD/NVIDIA GeForce RTX 5060 8GB/16"" OLED/Win 11 Home+OH24+M365/Eclipse Gray/2Y",Rp 40.599.000,Intel Core Ultra 9 Processor 285H,"32GB LPDDR5X 7467 on board, Support dual channel memory",1TB PCIe 4.0 NVMe M.2 SSD,NVIDIA GeForce RTX 5060 Laptop GPU 8GB GDDR7,,,https://www.plazait.co.id/product/asus-rog-zephyrus-g16-gu605cm-i9n56ol6g-hm-core-ultra-9-285h-32gb-1tb-rtx-5060-8gb-eclipse-gray
"Asus ExpertBook P1 P1403CVA-S63852WS /Intel Core 3-100U/8GB/512GB SSD/Intel UHD Graphics/14"" FHD/Win 11 Home+OHS+M365/Misty Grey/3Y",Rp 9.399.000,Intel Core 3 Processor 100U,8GB DDR5 SO-DIMM,512GB M.2 2280 NVMe PCIe 4.0 SSD,Intel UHD Graphics,,,https://www.plazait.co.id/product/asus-expertbook-p1-p1403cva-s63852ws-core-3-100u-8gb-512gb-uhd-graphics-misty-grey
"Asus Zenbook 14 UM3406GA-OLED7111M /AMD Ryzen AI 7-445/16GB/1TB SSD/AMD Radeon Graphics/14"" WUXGA/Win 11 Home+OH24+M365/Jade Black/3Y",Rp 20.599.000,AMD Ryzen AI 7-445,16GB LPDDR5X on board,1TB SSD,AMD Radeon Graphics,,,https://www.plazait.co.id/product/asus-zenbook-14-um3406ga-oled7111m-amd-ryzen-ai-7-44516gb1tb-ssdamd-radeon-graphics14-wuxgawin-11-homeoh24m365jade-black3y
"Apple MacBook Pro M5 (14-inch) 10-core CPU and 10-core GPU - 16GB, 512GB SSD",Rp 27.799.000,M5,16GB,512GB SSD,,10,10,https://www.plazait.co.id/product/apple-macbook-pro-m5-14-inch-10-core-cpu-and-10-core-gpu-16gb-512gb-ssd
"Apple MacBook Pro M5 (14-inch) 10-core CPU and 10-core GPU - 24GB, 1TB SSD",Rp 42.499.000,M5,24GB,1TB SSD,,10,10,https://www.plazait.co.id/product/apple-macbook-pro-m5-14-inch-10-core-cpu-and-10-core-gpu-24gb-1tb-ssd
"Apple MacBook Pro M5 (14-inch) 10-core CPU and 10-core GPU - 16GB, 1TB SSD",Rp 38.500.000,M5,16GB,1TB SSD,,10,10,https://www.plazait.co.id/product/apple-macbook-pro-m5-14-inch-10-core-cpu-and-10-core-gpu-16gb-1tb-ssd
Lenovo IdeaPad Slim 3 14IRH10 - 83K000BYID /Intel Core i5-13420H/8GB/512GB SSD/Intel UHD Graphics/14″ WUXGA IPS/Win 11 Home+OH24+M365/Cosmic Blue/2Y,Rp 10.999.000,Intel Core i5-13420H,8GB Soldered DDR5-4800,512GB SSD,Intel UHD Graphics,,,https://www.plazait.co.id/product/lenovo-ideapad-slim-3-14irh10-83k000byid-core-i5-13420h-intel-uhd-graphics-cosmic-blue
HP 14-ep0260TU - BD0Y4PA /Intel Core i3-1315U/8GB/512GB SSD/Intel UHD Graphics/14″ FHD/Win 11 Home+OH24+M365/Gold/2Y,Rp 9.350.000,Intel Core i3-1315U,8GB DDR4-3200 (onboard),512GB SSD,Intel UHD Graphics,,,https://www.plazait.co.id/product/hp-14-ep0260tu-bd0y4pa-core-i3-1315u-intel-uhd-graphics-gold
Lenovo IdeaPad Slim 3 14IRU8 - 82X6006DID /Intel Core i3-1315U/8GB/256GB SSD/Intel UHD Graphics/14″ FHD TN/Win 11 Home+OH24+M365/Arctic Grey/2Y,Rp 8.299.000,Intel Core i3-1315U,8GB Soldered LPDDR5-4800,256GB SSD,Intel UHD Graphics,,,https://www.plazait.co.id/product/lenovo-ideapad-slim-3-14iru8-82x6006did-core-i3-1315u-intel-uhd-graphics-arctic-grey
"Lenovo ThinkPad E14 Gen 7 05ID /Intel Core Ultra 7-258V/32GB/1TB SSD/Intel Arc Graphics/14"" WUXGA/Win 11 Pro/Black/3Y",Rp 23.759.000,Intel Core Ultra 7-258V,32GB Soldered LPDDR5x-8533,1TB SSD,Intel Arc 140V Graphics,,,https://www.plazait.co.id/product/lenovo-thinkpad-e14-gen-7-05id-core-ultra-7-258v-intel-arc-graphics-black
"Lenovo ThinkPad E14 Gen 7 60ID /Intel Core Ultra 7-255H/16GB/1TB SSD/Intel Arc Graphics/14"" WUXGA/Win 11 Pro/Black/3Y",Rp 22.769.000,Intel Core Ultra 7-255H,16GB SODIMM DDR5-5600,1TB SSD,Intel Arc 140T Graphics,,,https://www.plazait.co.id/product/lenovo-thinkpad-e14-gen-7-60id-core-ultra-7-255h-intel-arc-graphics-black
"Acer Nitro Lite 16 NL16-71G 78GF /Intel Core 7-240H/16GB/512GB SSD/RTX4050 6GB/16"" WUXGA/Win 11 Home+OH24/Shale Black",Rp 17.799.000,Intel Core 7-240H,16GB DDR5,512GB SSD,NVIDIA GeForce RTX 4050 6GB,,,https://www.plazait.co.id/product/acer-nitro-lite-16-nl16-71g-78gf-core-7-240h-rtx4050-6gb-shale-black
"Acer Nitro Lite 16 NL16-71G 5613 /Intel Core 5-210H/16GB/512GB SSD/RTX3050 6GB/16"" WUXGA/Win 11 Home+OH24/Shale Black",Rp 12.999.000,Intel Core 5-210H,16GB DDR5,512GB SSD,NVIDIA GeForce RTX 3050 6GB,,,https://www.plazait.co.id/product/acer-nitro-lite-16-nl16-71g-5613-core-5-210h-rtx3050-6gb-shale-black
"Lenovo ThinkPad X1 Carbon Gen 13 Aura Edition - 21NX0003ID /Intel Core Ultra 7-265U/32GB/1TB SSD/Intel Graphics/14"" WUXGA/Win 11 Pro/Black/3Y",Rp 39.299.000,Intel Core Ultra 7-265U,32GB Soldered LPDDR5x-8400,1TB SSD,Intel Graphics,,,https://www.plazait.co.id/product/lenovo-thinkpad-x1-carbon-gen-13-aura-edition-03id-core-ultra-7-265u-intel-graphics-black
"HP OmniBook 7 Aero 13-bg1777AU - BM7R2PA /AMD Ryzen AI 7-350/16GB/512GB SSD/AMD Radeon Graphics/13.3"" WQXGA/Win 11 Home+OH24+M365/Silver/2Y",Rp 17.045.000,AMD Ryzen AI 7-350,16GB LPDDR5x-7500 (onboard),512GB SSD,AMD Radeon 860M Graphics,,,https://www.plazait.co.id/product/hp-omnibook-7-aero-13-bg1777au-bm7r2pa-ryzen-ai-7-350-amd-radeon-graphics-silver
"Asus ExpertBook PM14 PM1403CDA-S65150WS /AMD Ryzen 5-7535HS/16GB/512GB SSD/AMD Radeon 660M/14"" FHD/Win 11 Home+OHM+M365/Misty Grey/3Y",Rp 8.700.000,AMD Ryzen 5-7535HS,"16GB DDR5 SO-DIMM, Memory Max Up to:64GB",512GB M.2 2280 NVMe PCIe 4.0 SSD,AMD Radeon 660M,,,https://www.plazait.co.id/product/asus-expertbook-pm14-pm1403cda-s65150ws-ryzen-5-7535hs1-6gb-512gb-radeon-660-misty-grey
"Asus ExpertBook PM14 PM1403CDA-S67150WS /AMD Ryzen 7-7735HS/16GB/512GB SSD/AMD Radeon 680M/14"" FHD/Win 11 Home+OHM+M365/Misty Grey/3Y",Rp 10.790.000,AMD Ryzen 7-7735HS,"16GB DDR5 SO-DIMM, 2x DDR5 SO-DIMM slots",512GB M.2 2280 NVMe PCIe 4.0 SSD,AMD Radeon 680M,,,https://www.plazait.co.id/product/asus-expertbook-pm14-pm1403cda-s67150ws-ryzen-7-7735hs-16gb-512gb-radeon-680m-misty-grey
HP OMEN MAX 16-ak0777AX - BG6H6PA /AMD Ryzen AI 9-375 HX/32GB/1TB SSD/RTX5080 16GB/16″ 2.5K 240Hz/Win 11 Home+OH24+M365/Shadow Black/2Y,Rp 51.999.000,AMD Ryzen AI 9 HX-375,32GB DDR5-5600,1TB SSD,NVIDIA GeForce RTX5080 16GB,,,https://www.plazait.co.id/product/hp-omen-max-16-ak0777ax-bg6h6pa-ryzen-ai-9-375-hx-rtx-5080-16gb-shadow-black
HP OmniBook X Flip Next Gen AI 14-fk0888AU - BM7R7PA /AMD Ryzen AI 7-350/32GB/1TB SSD/AMD Radeon Graphics/14″ 3K Touch/Win 11 Home+OH24+M365/Silver/2Y,Rp 23.200.000,AMD Ryzen AI 7-350,32GB LPDDR5x-7500 (onboard),1TB SSD,AMD Radeon 860M Graphics,,,https://www.plazait.co.id/product/hp-omnibook-x-flip-next-gen-ai-14-fk0888au-bm7r7pa-ryzen-ai-7-350-amd-radeon-graphics-silver
HP 14-ep1155TU - C7SC8PA /Intel Core 5-120U/16GB/512GB SSD/Intel Graphics/14″ FHD/Win 11 Home+OH24+M365/Silver/2Y,Rp 10.950.000,Intel Core 5-120U,16GB DDR4-3200,512GB SSD,Intel Graphics,,,https://www.plazait.co.id/product/hp-14-ep1155tu-c7sc8pa-core-5-120u-intel-graphics-silver
"Asus Vivobook 14 A1404VAP-VIPS7113M /Intel Core 7-150U/16GB/1TB SSD/Intel Graphics/14"" FHD/Win 11 Home+OHM+M365/Cool Silver/2Y",Rp 14.999.000,Intel Core 7-150U,16GB (8GB DDR4 on board + 8GB DDR4 SO-DIMM),1TB M.2 NVMe PCIe 4.0 SSD,Intel Graphics,,,https://www.plazait.co.id/product/asus-vivobook-14-a1404vap-vips7113m-core-7-150u-16gb-1tb-intel-graphics-cool-silver
"Asus Vivobook 14 A1404VAP-VIPS7112M /Intel Core 7-150U/16GB/1TB SSD/Intel Graphics/14"" FHD/Win 11 Home+OHM+M365/Terra Cotta/2Y",Rp 14.999.000,Intel Core 7-150U,16GB (8GB DDR4 on board + 8GB DDR4 SO-DIMM),1TB M.2 NVMe PCIe 4.0 SSD,Intel Graphics,,,https://www.plazait.co.id/product/asus-vivobook-14-a1404vap-vips7112m-core-7-150u-16gb-1tb-intel-graphics-terra-cotta
"Asus Vivobook 14 A1404VAP-VIPS7111M /Intel Core 7-150U/16GB/1TB SSD/Intel Graphics/14"" FHD/Win 11 Home+OHM+M365/Quiet Blue/2Y",Rp 14.999.000,Intel Core 7-150U,16GB (8GB DDR4 on board + 8GB DDR4 SO-DIMM),1TB M.2 NVMe PCIe 4.0 SSD,Intel Graphics,,,https://www.plazait.co.id/product/asus-vivobook-14-a1404vap-vips7111m-core-7-150u-16gb-1tb-ntel-graphics-quiet-blue
"Lenovo V14 G4 IRU - 83A000NKID /Intel Core i3-1315U/8GB/256GB SSD/Intel UHD Graphics/14"" FHD TN/Win 11 Home/Iron Grey/2Y",Rp 5.745.000,Intel Core i3-1315U,8GB Soldered DDR4-3200,256GB SSD,Intel UHD Graphics,,,https://www.plazait.co.id/product/lenovo-v14-g4-iru-83a000nkid-core-i3-1315u-intel-uhd-graphics-iron-grey
"Asus TUF A14 FA401UH-R7N55G6G-HM /AMD Ryzen 7-260/32GB/512GB SSD/NVIDIA GeForce RTX 5050 8GB/14"" WQXGA/Win 11 Home+OHM+M365/Jaeger Gray/2Y",Rp 25.699.000,AMD Ryzen 7-260,32GB LPDDR5X ( 16GB*2 LPDDR5X 7500 on board ),512GB PCIe 4.0 NVMe M.2 SSD,NVIDIA GeForce RTX 5050 8GB GDDR7 VRAM,,,https://www.plazait.co.id/product/asus-tuf-a14-fa401uh-r7n55g6g-hm-ryzen-7-260-32gb-512gb-rtx-5050-8gb-jaeger-gray
"Asus TUF F16 FX607VJB-I535J6M-HM /Intel Core 5-210H/16GB/512GB SSD/NVIDIA GeForce RTX 3050 6GB/16"" FHD+/Win 11 Home+OHM+M365/Mecha Grey/2Y",Rp 21.770.000,Intel Core 5 -210H,16GB DDR5-5200 SO-DIMM (2x SO-DIMM slots),512GB PCIe 4.0 NVMe M.2 SSD (2 slots M.2),NVIDIA GeForce RTX 3050 6GB GDDR6,,,https://www.plazait.co.id/product/asus-tuf-f16-fx607vjb-i535j6m-hm-core-5-210h-16gb-512gb-rtx-3050-6gb-mecha-grey
"Asus Vivobook 14 A1404VA-VIPS3823M /Intel Core i3-1315U/8GB/256GB SSD/Intel UHD Graphics/14"" FHD/Win 11 Home+OHM+M365/Transparent Silver/2Y",Rp 8.199.000,Intel Core i3-1315U,"8GB DDR4 on board, 1x DDR4 SO-DIMM slo",256GB M.2 NVMe PCIe 4.0 SSD,Intel UHD Graphics,,,https://www.plazait.co.id/product/asus-vivobook-14-a1404va-vips3823m-i3-1315u-8gb-256gb-intel-uhd-graphics-transparent-silver
"Asus Vivobook 14 A1404VA-VIPS3822M /Intel Core i3-1315U/8GB/256GB SSD/Intel UHD Graphics/14"" FHD/Win 11 Home+OHM+M365/Terra Cotta/2Y",Rp 8.199.000,Intel Core i3-1315U,"8GB DDR4 on board, 1x DDR4 SO-DIMM slot",256GB M.2 NVMe PCIe 4.0 SSD,Intel UHD Graphics,,,https://www.plazait.co.id/product/asus-vivobook-14-a1404va-vips3822m-i3-1315u-8gb-256gb-intel-uhd-graphic-terra-cotta
"Asus Vivobook 14 A1404VA-VIPS3821M /Intel Core i3-1315U/8GB/256GB SSD/Intel UHD Graphics/14"" FHD/Win 11 Home+OHM+M365/Quiet Blue/2Y",Rp 8.199.000,Intel Core i3-1315U,"8GB DDR4 on board, 1x DDR4 SO-DIMM slo",256GB M.2 NVMe PCIe 4.0 SSD,Intel UHD Graphics,,,https://www.plazait.co.id/product/asus-vivobook-14-a1404va-vips3821m-i3-1315u-8gb-256gb-intel-uhd-graphics-quiet-blue
"Acer Aspire Lite 14 AL14-42P R1D5 /AMD Ryzen 3-5300U/8GB/512GB SSD/AMD Radeon Graphics/14"" WUXGA/Win 11 Home+OH24+M365/Rose Sakura",Rp 7.599.000,AMD Ryzen 3-5300U,8GB DDR4,512GB SSD,AMD Radeon Graphics,,,https://www.plazait.co.id/product/acer-aspire-lite-14-al14-42p-r1d5-ryzen-3-5300u-amd-radeon-graphics-rose-sakura
"Acer Aspire Lite 14 AL14-42P R2RJ /AMD Ryzen 3-5300U/8GB/512GB SSD/AMD Radeon Graphics/14"" WUXGA/Win 11 Home+OH24+M365/Light Silver",Rp 7.599.000,AMD Ryzen 3-5300U,8GB DDR4,512GB SSD,AMD Radeon Graphics,,,https://www.plazait.co.id/product/acer-aspire-lite-14-al14-42p-r2rj-ryzen-3-5300u-amd-radeon-graphics-light-silver
Acer Swift Lite 14 Air Edition SFL14-41M R0GS /AMD Ryzen 7-260U/16GB/512GB SSD/AMD Radeon Graphics/14″ WUXGA IPS/Win 11 Home+OH24+M365/Light Silver,Rp 12.799.000,AMD Ryzen 7-260U,16GB LPDDR5 (on Board),512GB SSD,AMD Radeon Graphics,,,https://www.plazait.co.id/product/acer-swift-lite-14-air-edition-sfl14-41m-r0gs-ryzen-7-260u-amd-radeon-graphics-light-silver
Acer Swift Lite 14 Air Edition SFL14-41M R5D2 /AMD Ryzen 5-240U/16GB/512GB SSD/AMD Radeon Graphics/14″ WUXGA IPS/Win 11 Home+OH24+M365/Light Silver,Rp 12.499.000,AMD Ryzen 5-240U,16GB LPDDR5 (on Board),512GB SSD,AMD Radeon Graphics,,,https://www.plazait.co.id/product/acer-swift-lite-14-air-edition-sfl14-41m-r5d2-ryzen-5-240u-amd-radeon-graphics-light-silver
"Lenovo ThinkPad E14 Gen7 /Intel Core Ultra 5-235U/16GB/512GB SSD/Intel Graphics/14"" WUXGA IPS/Win 11 Pro/Black/3Y",Rp 20.299.000,Intel Core Ultra 5-235U,16GB DDR5-5600,512GB SSD,Intel Graphics,,,https://www.plazait.co.id/product/lenovo-thinkpad-e14-gen7-core-ultra-5-235u-intel-graphics-black
"HP OMEN 16-ap0999AX - C7US5PA /AMD Ryzen 9-8940HX/24GB/1TB SSD/RTX5060 8GB/16"" 2K IPS/Win 11 Home+OH24+M365/Shadow Black/2Y",Rp 25.120.000,AMD Ryzen 9-8940HX,24GB DDR5-5200,1TB SSD,NVIDIA GeForce RTX5060 8GB,,,https://www.plazait.co.id/product/hp-omen-16-ap0999ax-c7us5pa-ryzen-9-8940hx-rtx5060-8gb-shadow-black
"Lenovo Yoga Slim 7 14ILL10 - 83JX006CID /Intel Core Ultra 5-226V/16GB/512GB SSD/Intel Arc Graphics/14"" 2.8K OLED Touch/Win 11 Home+OH24+M365/Luna Grey/3Y",Rp 18.999.000,Intel Core Ultra 5-226V,16GB Soldered LPDDR5x-8533,512GB SSD,Intel Arc Graphics 130V,,,https://www.plazait.co.id/product/lenovo-yoga-slim-7-14ill10-83jx006cid-core-ultra-5-226v-intel-arc-graphics-luna-grey
"Asus S3407VA-VIPS5112M /Intel Core 5-210H/16GB/1TB SSD/Intel UHD Graphics/14"" WUXGA /Win 11 Home+OHM+M365/Cool Silver/3Y",Rp 14.599.000,Intel Core 5 -210H,16GB (8GB DDR5 on board + 8GB DDR5 SO-DIMM),1TB M.2 NVMe PCIe 4.0 SSD,Intel UHD Graphics,,,https://www.plazait.co.id/product/asus-s3407va-vips5112m-core-5-210h-16gb-1tb-intel-uhd-graphics-cool-silver
"Asus S3407VA-VIPS5111M /Intel Core 5-210H/16GB/1TB SSD/Intel UHD Graphics/14"" WUXGA /Win 11 Home+OHM+M365/Matte Gray/3Y",Rp 13.599.000,Intel Core 5 -210H,16GB (8GB DDR5 on board + 8GB DDR5 SO-DIMM),1TB M.2 NVMe PCIe 4.0 SSD,Intel UHD Graphics,,,https://www.plazait.co.id/product/asus-s3407va-vips5111m-core-5-210h-16gb-1tb-intel-uhd-graphics-matte-gray
"HP Victus 15-fa2717TX - B7WA7PA /Intel Core i5-13420H/16GB/512GB SSD/RTX4050 6GB/15.6"" FHD/Win 11 Home+OH24+M365/Mica Silver/2Y",Rp 17.420.000,Intel Core i5-13420H,16GB DDR4-3200,512GB SSD,NVIDIA GeForce RTX 4050 6GB,,,https://www.plazait.co.id/product/hp-victus-15-fa2717tx-b7wa7pa-core-i5-13420h-rtx4050-6gb-mica-silver
HP 14-ep1177TU - C7SD0PA /Intel Core 5-120U/8GB/512GB SSD/Intel Graphics/14″ FHD/Win 11 Home+OH24+M365/Silver/2Y,Rp 10.999.000,Intel Core 5-120U,8GB DDR4-3200,512GB SSD,Intel Graphics,,,https://www.plazait.co.id/product/hp-14-ep1177tu-c7sd0pa-core-5-120u-intel-graphics-silver
Lenovo IdeaPad Slim 3 14AMN8 - 82XN009VID /AMD Ryzen 3-7320U/8GB/512GB SSD/AMD Radeon Graphics/14″ FHD/Win 11 Home+OH24+M365/Abyss Blue/2Y,Rp 8.699.000,AMD Ryzen 3-7320U,8GB Soldered LPDDR5-5500,512GB SSD,AMD Radeon 610M Graphics,,,https://www.plazait.co.id/product/lenovo-ideapad-slim-3-14amn8-82xn009vid-ryzen-3-7320u-amd-radeon-graphics-abyss-blue
Lenovo IdeaPad Slim 3 14IRH10 - 83K000BXID /Intel Core i7-13620H/16GB/512GB SSD/Intel UHD Graphics/14″ WUXGA IPS/Win 11 Home+OH24+M365/Cosmic Blue/2Y,Rp 16.999.000,Intel Core i7-13620H,16GB DDR5-4800,512GB SSD,Intel UHD Graphics,,,https://www.plazait.co.id/product/lenovo-ideapad-slim-3-14irh10-83k000bxid-core-i7-13620h-intel-uhd-graphics-cosmic-blue
Lenovo IdeaPad Slim 3 14IRH10 - 83K000C0ID /Intel Core i7-13620H/16GB/512GB SSD/Intel UHD Graphics/14″ WUXGA IPS/Win 11 Home+OH24+M365/Luna Grey/2Y,Rp 16.999.000,Intel Core i7-13620H,16GB DDR5-4800,512GB SSD,Intel UHD Graphics,,,https://www.plazait.co.id/product/lenovo-ideapad-slim-3-14irh10-83k000c0id-core-i7-13620h-intel-uhd-graphics-luna-grey
"Acer Aspire Lite 14 AL14-37P C1UK /Intel N150/8GB/512GB SSD/Intel UHD Graphics/14"" WUXGA/Win 11 Home+OH24/Fresh Blue",Rp 6.299.000,Intel N150,8GB DDR5,512GB SSD,Intel UHD Graphics,,,https://www.plazait.co.id/product/acer-aspire-lite-14-al14-37p-c1uk-intel-n150-intel-uhd-graphics-fresh-blue
Asus TUF F16 FX608JHR-I7N55J6G-HM /Intel Core i7 -14650HX/16GB/512GB SSD/NVIDIA GeForce RTX 5050 8GB/16″ FHD+/Win 11 Home+OHM+M365/Jaeger Gray/2Y,Rp 23.750.000,Intel Core i7 -14650HX,"16GB DDR5-5600 SO-DIMM, (2x SO-DIMM slots)",512GB PCIe 4.0 NVMe M.2 SSD (2x DDR5 SO-DIMM M.2 PCIe slots),NVIDIA GeForce RTX 5050 8GB GDDR7,,,https://www.plazait.co.id/product/asus-tuf-f16-fx608jhr-i7n55j6g-hm-i7-14650hx-16gb-512gb-rtx-5050-8gb-jaeger-gray
Asus TUF F16 FX608JH-I5N55J6G-HM /Intel Core i5-13450HX/16GB/512GB SSD/NVIDIA GeForce RTX 5050 8GB/16″ FHD+/Win 11 Home+OHM+M365/Jaeger Gray/2Y,Rp 17.820.000,13th Gen Intel Core i5-13450HX,"16GB DDR5-5600 SO-DIMM, (2x SO-DIMM slots)",512GB PCIe 4.0 NVMe M.2 SSD (2x DDR5 SO-DIMM M.2 PCIe slots),NVIDIA GeForce RTX 5050 8GB GDDR7,,,https://www.plazait.co.id/product/asus-tuf-f16-fx608jh-i5n55j6g-hm-i5-13450hx-16gb-512gb-rtx-5050-8gb-jaeger-gray
"Asus ROG Zephyrus G16 GA605KM-R7N56OL6G-HM /AMD Ryzen AI 7-350/32GB/1TB SSD/NVIDIA GeForce RTX 5060 8GB/ 16"" OLED/Win 11 Home+OHM+M365/Eclipse Gray/2Y",Rp 39.600.000,AMD Ryzen AI 7-350,32GB LPDDR5X 7500 on board (dual channel),1TB PCIe 4.0 NVMe M.2 SSD (2x M.2 PCIe),NVIDIA GeForce RTX 5060 8GB GDDR7,,,https://www.plazait.co.id/product/asus-rog-zephyrus-g16-ga605km-r7n56ol6g-hm-ryzen-ai-7-350-32gb-1tb-rtx-5060-8gb-eclipse-gray
"Asus ROG Zephyrus G16 GA605KH-R7N55OL6G-HM /AMD Ryzen AI 7-350/32GB/1TB SSD/NVIDIA GeForce RTX 5050 8GB/ 16"" OLED/Win 11 Home+OHM+M365/Eclipse Gray/2Y",Rp 36.599.000,AMD Ryzen AI 7-350,32GB LPDDR5X 7500 on board,1TB PCIe 4.0 NVMe M.2 SSD (2x M.2 PCIe slots),NVIDIA GeForce RTX 5050 8GB GDDR7,,,https://www.plazait.co.id/product/asus-rog-zephyrus-g16-ga605kh-r7n55ol6g-hm-ryzen-ai-7-350-32gb-1tb-rtx-5050-8gb-eclipse-gray
Asus ROG Strix G16 G615LW-I9N58J6G-HM  /Intel Core Ultra 9-275HX/16GB/512GB SSD/NVIDIA GeForce RTX 5080 16GB/16″ FHD+/Win 11 Home+OHM+M365/Eclipse Gray/2Y,Rp 39.105.000,Intel Core Ultra 9-275HX,16GB DDR5-5600 SO-DIMM (2x SO-DIMM slots),512GB PCIe 4.0 NVMe M.2 SSD (2x DDR5 SO-DIMM M.2 PCIe slots),NVIDIA GeForce RTX 5080 16GB GDDR7,,,https://www.plazait.co.id/product/asus-rog-strix-g16-g615lw-i9n58j6g-hm-core-ultra-9-275hx-16gb-512gb-rtx-5080-16gb-eclipse-gray
Asus TUF Gaming A16 FA608UH-R7N55J6G-HM /AMD Ryzen 7-260/16GB/512GB SSD/NVIDIA GeForce RTX 5050 8GB/16″ FHD+/Win 11 Home+OHM+M365/Jaeger Gray/2Y,Rp 20.790.000,AMD Ryzen 7-260,16GB DDR5-5600 SO-DIMM (2x SO-DIMM slots),512GB PCIe 4.0 NVMe M.2 SSD (2x DDR5 SO-DIMM M.2 PCIe slots),NVIDIA GeForce RTX 5050 8GB GDDR7,,,https://www.plazait.co.id/product/asus-tuf-gaming-a16-fa608uh-r7n55j6g-hm-ryzen-7-260-16gb-512gb-rtx-5050-8gb-jaeger-gray
"Asus ROG Ally RC73YA-Z2AA30A6W /AMD Ryzen Z2 A/16GB/512GB SSD/AMD Radeon Graphics/7"" FHD Touch/Win 11 Home/2Y",Rp 9.999.000,AMD Ryzen Z2 A,16GB LPDDR5 on board (6400MT/s dual channel),512GB PCIe 4.0 NVMe M.2 SSD (2280),AMD Radeon Graphics,,,https://www.plazait.co.id/product/asus-rog-ally-rc73ya-z2aa30a6w-ryzen-z2-a-16gb-512gb-amd-radeon-graphics
"Asus ROG Xbox Ally X RC73XA-Z2EA35A3T /AMD Ryzen AI Z2 Extreme/24GB/1TB SSD/AMD Radeon Graphics/7"" FHD Touch/Win 11 Home/2Y",Rp 16.830.000,AMD Ryzen AI Z2 Extreme,24GB LPDDR5X on board (dual channel),1TB PCIe 4.0 NVMe M.2 SSD (2280),AMD Radeon Graphics,,,https://www.plazait.co.id/product/asus-rog-ally-x-rc73xa-z2ea35a3t-ryzen-ai-z2-extreme-24gb-1tb-amd-radeon-graphics
Lenovo Legion Pro 5 16ADR10 - 83LT0015ID /AMD Ryzen 7-8745HX/24GB/1TB SSD/RTX5060 8GB/16″ WQXGA/Win 11 Home+OH24+M365/Eclipse Black/3Y,Rp 30.689.000,AMD Ryzen 7-8745HX,24GB SO-DIMM DDR5-5200,1TB SSD,NVIDIA GeForce RTX 5060 8GB,,,https://www.plazait.co.id/product/lenovo-legion-pro-5-16adr10-83lt0015id-amd-ryzen-7-8745hx-24gb-1tb-ssd-rtx5060-8gb-16-wqxga-win-11-home-oh24-m365-eclipse-black-3y
Acer Predator Helios Neo 16 AI PHN16-73 945L /Intel Core Ultra 9-275HX/32GB/1TB SSD/RTX5070Ti 12GB/16″ WQXGA 240Hz/Win 11 Home+OH24/Black,Rp 44.499.000,Intel Core Ultra 9-275HX,32GB DDR5,1TB SSD,NVIDIA GeForce RTX 5070Ti 12GB,,,https://www.plazait.co.id/product/acer-predator-helios-neo-16-ai-phn16-73-945l-core-ultra-9-275hx-rtx5070ti-12gb-black
"Acer Predator Helios Neo 16 PHN16-72 50XB /Intel Core i5-14500HX/8GB/512GB SSD/RTX4060 8GB/16"" WQXGA 165Hz/Win 11 Home+OHS21/Black",Rp 20.299.000,Intel Core i5-14500HX,8GB DDR5,512GB SSD,NVIDIA GeForce RTX 4060 8GB,,,https://www.plazait.co.id/product/acer-predator-helios-neo-16-phn16-72-50xb-core-i5-14500hx-rtx4060-8gb-black
"Acer Predator Helios Neo 16 PHN16-72 57J0 /Intel Core i5-14500HX/8GB/512GB SSD/RTX4060 8GB/16"" WQXGA 180Hz/Win 11 Home+OHS21/Black",Rp 20.399.000,Intel Core i5-14500HX,8GB DDR5,512GB SSD,NVIDIA GeForce RTX 4060 8GB,,,https://www.plazait.co.id/product/acer-predator-helios-neo-16-phn16-72-57j0-core-i5-14500hx-rtx4060-8gb-black
Acer Predator Helios Neo 16 PHN16-72 53KS /Intel Core i5-14500HX/8GB/512GB SSD/RTX4050 6GB/16″ WUXGA/Win 11 Home+OHS21/Black,Rp 16.799.000,Intel Core i5-14500HX,8GB DDR5,512GB SSD,NVIDIA GeForce RTX 4050 6GB,,,https://www.plazait.co.id/product/acer-predator-helios-neo-16-phn16-72-53ks-core-i5-14500hx-rtx4050-6gb-black
Acer Predator Helios Neo 16 PHN16-72 93X3 /Intel Core i9-14900HX/16GB/1TB SSD/RTX4060 8GB/16″ WUXGA/Win 11 Home+OHS21/Black,Rp 23.699.000,Intel Core i9-14900HX,16GB DDR5,1TB SSD,NVIDIA GeForce RTX 4060 8GB,,,https://www.plazait.co.id/product/acer-predator-helios-neo-16-phn16-72-93x3-core-i9-14900hx-rtx4060-8gb-black
Acer Predator Helios Neo 16 PHN16-72 979D /Intel Core i9-14900HX/16GB/1TB SSD/RTX4060 8GB/16″ WQXGA 165Hz/Win 11 Home+OHS21/Black,Rp 23.699.000,Intel Core i9-14900HX,16GB DDR5,1TB SSD,NVIDIA GeForce RTX 4060 8GB,,,https://www.plazait.co.id/product/acer-predator-helios-neo-16-phn16-72-979d-core-i9-14900hx-rtx4060-8gb-black
Acer Predator Helios Neo 16 PHN16-72 733C /Intel Core i7-14700HX/16GB/1TB SSD/RTX4060 8GB/16″ WQXGA/Win 11 Home+OHS21/Black,Rp 24.250.000,Intel Core i7-14700HX,16GB DDR5,1TB SSD,NVIDIA GeForce RTX 4060 8GB,,,https://www.plazait.co.id/product/acer-predator-helios-neo-16-phn16-72-733c-core-i7-14700hx-rtx4060-8gb-black
Acer Predator Helios Neo 16 PHN16-72 788Y /Intel Core i7-14700HX/16GB/512GB SSD/RTX4050 6GB/16″ WUXGA/Win 11 Home+OHS21/Black,Rp 19.799.000,Intel Core i7-14700HX,16GB DDR5,512GB SSD,NVIDIA GeForce RTX 4050 6GB,,,https://www.plazait.co.id/product/acer-predator-helios-neo-16-phn16-72-788y-core-i7-14700hx-rtx4050-6gb-black
Acer Predator Helios 18 AI PH18-73 92RM /Intel Core Ultra 9-275HX/64GB/2TB SSD/RTX5090 24GB/18″ WQXGA/Win 11 Home+OH24/Black,Rp 83.999.000,Intel Core Ultra 9-275HX,64GB DDR5,2TB SSD,NVIDIA GeForce RTX 5090 24GB,,,https://www.plazait.co.id/product/acer-predator-helios-18-ai-ph18-73-92rm-core-ultra-9-275hx-rtx5090-24gb-black
Acer Predator Helios 18 AI PH18-73 97U9 /Intel Core Ultra 9-275HX/64GB/2TB SSD/RTX5080 16GB/18″ WQXGA/Win 11 Home+OH24/Black,Rp 73.999.000,Intel Core Ultra 9-275HX,64GB DDR5,2TB SSD,NVIDIA GeForce RTX 5080 16GB,,,https://www.plazait.co.id/product/acer-predator-helios-18-ai-ph18-73-97u9-core-ultra-9-275hx-rtx5080-16gb-black
Acer Predator Helios Neo 16S AI PHN16S-71 93DB /Intel Core Ultra 9-275HX/32GB/1TB SSD/RTX5070Ti 12GB/16″ WQXGA/Win 11 Home+OH24/Black,Rp 44.499.000,Intel Core Ultra 9-275HX,32GB DDR5,1TB SSD,NVIDIA GeForce RTX 5070Ti 12GB,,,https://www.plazait.co.id/product/acer-predator-helios-neo-16s-ai-phn16s-71-93db-core-ultra-9-275hx-rtx5070ti-12gb-black
Asus V16 V3607VH-I5N55B6T-HM /Intel Core 5-210H/ 16GB/512GB SSD/NVIDIA GeForce RTX  5050 8GB/16″ WUXGA/Win 11 Home+OHM+M365/Matte Black/2Y,Rp 23.999.000,Intel Core 5-210H,16GB DDR5-5600 SO-DIMM,512GB M.2 NVMe PCIe 4.0 SSD,NVIDIA GeForce RTX 5050 8GB GDDR7,,,https://www.plazait.co.id/product/asus-v16-v3607vh-i5n55b6t-hm-intel-core-5-210h-16gb-512gb-ssd-nvidia-geforce-rtx-5050-8gb-16-wuxga-win-11-home-ohm-m365-matte-black-2y
Asus ROG Strix G614FM-R9N56C6G-HM /AMD Ryzen 9-9955HX/32GB/1TB SSD/NVIDIA GeForce RTX 5060 8GB/16″ WQXGA/Win 11 Home+OHM+M365/Eclipse Gray/2Y,Rp 32.999.000,AMD Ryzen 9-9955HX,32GB (2x16GB DDR5-5600 SO-DIMM),1TB PCIe 4.0 NVMe M.2 SSD,NVIDIA GeForce RTX 5060  8GB GDDR7,,,https://www.plazait.co.id/product/asus-rog-strix-g614fm-r9n56c6g-hm-amd-ryzen-9-9955hx-32gb-1tb-ssd-nvidia-geforce-rtx-5060-8gb-16-wqxga-win-11-home-ohm-m365-eclipse-gray-2y
"Acer Aspire Lite 14 AL14-52M 59N8 /Intel Core i5-1334U/8GB/512GB SSD/Intel Iris Xe Eligible/14"" WUXGA/Win 11 Home+OH24/Pure Silver",Rp 8.099.000,Intel Core i5-1334U,8GB DDR5,512GB SSD,Intel Iris Xe Eligible,,,https://www.plazait.co.id/product/acer-aspire-lite-14-al14-52m-59n8-core-i5-1334u-intel-iris-xe-eligible-pure-silver
"Acer Aspire Lite 14 AL14-37P 36AW /Intel Core 3 N355/8GB/512GB SSD/Intel Graphics/14"" FHD/Win 11 Home+OH24/Rose Sakura",Rp 7.599.000,Intel Core 3 N355,8GB DDR4,512GB SSD,Intel Graphics,,,https://www.plazait.co.id/product/acer-aspire-lite-14-al14-37p-36aw-core-3-n355-intel-graphics-rose-sakura
"Acer Aspire Lite 14 AL14-37P 3511 /Intel Core 3 N355/8GB/256GB SSD/Intel Graphics/14"" FHD/Win 11 Home+OH24/Rose Sakura",Rp 7.199.000,Intel Core 3 N355,8GB DDR4,256GB SSD,Intel Graphics,,,https://www.plazait.co.id/product/acer-aspire-lite-14-al14-37p-3511-core-3-n355-intel-graphics-rose-sakura
"Acer Aspire Lite 14 AL14-37P 38NN /Intel Core 3 N355/8GB/256GB SSD/Intel Graphics/14"" FHD/Win 11 Home+OH24/Fresh Blue",Rp 7.199.000,Intel Core 3 N355,8GB DDR4,256GB SSD,Intel Graphics,,,https://www.plazait.co.id/product/acer-aspire-lite-14-al14-37p-38nn-core-3-n355-intel-graphics-fresh-blue
"Acer Nitro V 15 ANV15-42 R60U /AMD Ryzen 7-7445HS/16GB/512GB SSD/RTX4050 6GB/15.6"" FHD/Win 11 Home+OH24+M365/Black",Rp 17.799.000,AMD Ryzen 7-7445HS,16GB DDR5,512GB SSD,NVIDIA GeForce RTX 4050 6GB,,,https://www.plazait.co.id/product/acer-nitro-v-15-anv15-42-r60u-ryzen-7-7445hs-rtx4050-6gb-black
Acer Nitro V 16 ANV16-71 73GB /Intel Core i7-14650HX/16GB/512GB SSD/RTX4060 8GB/16″ WQXGA/Win 11 Home+OHS21/Black,Rp 18.299.000,Intel Core i7-14650HX,16GB DDR5,512GB SSD,NVIDIA GeForce RTX 4060 8GB,,,https://www.plazait.co.id/product/acer-nitro-v-16-anv16-71-73gb-core-i7-14650hx-rtx4060-8gb-black
"Acer Aspire Lite 14 AL14-32P 3S16 /Intel Core 3 N355/16GB/512GB SSD/Intel UHD Graphics/14"" WUXGA/Win 11 Home+OH24+M365/Silver",Rp 8.599.000,Intel Core 3 N355,16GB DDR5,512GB SSD,Intel UHD Graphics,,,https://www.plazait.co.id/product/acer-aspire-lite-14-al14-32p-3s16-core-3-n355-intel-uhd-graphics-silver
"Acer Aspire Lite 14 AL14-71P 544E /Intel Core i5-13500H/8GB/512GB SSD/Intel Iris Xe Eligible/14"" WUXGA/Win 11 Home+OH24/Light Silver",Rp 8.499.000,Intel Core i5-13500H,8GB DDR5,512GB SSD,Intel Iris Xe Eligible,,,https://www.plazait.co.id/product/acer-aspire-lite-14-al14-71p-544e-core-i5-13500h-intel-iris-xe-eligible-light-silver
Acer Swift 14 SF14-71T 79UV /Intel Core i7-13700H/16GB/1TB SSD/Intel Iris Xe Graphics/14″ WQXGA Touch/Win 11 Home+OHS21/Steam Blue,Rp 21.299.000,Intel Core i7-13700H,16GB LPDDR5 (Onboard),1TB SSD,Intel Iris Xe Graphics,,,https://www.plazait.co.id/product/acer-swift-14-sf14-71t-79uv-core-i7-13700h-intel-iris-xe-graphics-steam-blue
Acer Swift 14 AI SF14-61T R4QP /AMD Ryzen AI 9-365/32GB/1TB SSD/AMD Radeon Graphics/14″ WUXGA Touch/Win 11 Home+OHS21/Pure Silver,Rp 21.290.000,AMD Ryzen AI 9-365,32GB LPDDR5X (Onboard),1TB SSD,AMD Radeon 880M Graphics,,,https://www.plazait.co.id/product/acer-swift-14-ai-sf14-61t-r4qp-ryzen-ai-9-365-amd-radeon-graphics-pure-silver
Acer Swift 14 AI SF14-51 70ML /Intel Core Ultra 7-258V/32GB/1TB SSD/Intel Arc Graphics/14″ 2.8K OLED/Win 11 Home+OHS21/Steam Blue,Rp 22.275.000,Intel Core Ultra 7-258V,32GB LPDDR5X (Onboard),1TB SSD,Intel Arc Graphics 140V,,,https://www.plazait.co.id/product/acer-swift-14-ai-sf14-51-70ml-core-ultra-7-258v-intel-arc-graphics-steam-blue
Acer Swift 14 AI SF14-51 583L /Intel Core Ultra 5-226V/16GB/1TB SSD/Intel Arc Graphics/14″ WUXGA OLED/Win 11 Home+OHS21/Steam Blue,Rp 18.320.000,Intel Core Ultra 5-226V,16GB LPDDR5X (Onboard),1TB SSD,Intel Arc Graphics 130V,,,https://www.plazait.co.id/product/acer-swift-14-ai-sf14-51-583l-core-ultra-5-226v-intel-arc-graphics-steam-blue
Acer Aspire Lite 15 AI AL15-61P R572 /AMD Ryzen 7-8840HS/16GB/512GB SSD/AMD Radeon Graphics/15.6″ FHD/Win 11 Home+OH24+M365/Light Silver,Rp 12.599.000,AMD Ryzen 7-8840HS,16GB DDR5,512GB SSD,AMD Radeon Graphics,,,https://www.plazait.co.id/product/acer-aspire-lite-al15-61p-r572-ryzen-7-8840hs-amd-radeon-graphics-light-silver
Acer Aspire Lite 15 AI AL15-61P R3QE /AMD Ryzen 5-8640HS/8GB/512GB SSD/AMD Radeon Graphics/15.6″ FHD/Win 11 Home+OH24+M365/Light Silver,Rp 10.799.000,AMD Ryzen 5-8640HS,8GB DDR5,512GB SSD,AMD Radeon Graphics,,,https://www.plazait.co.id/product/acer-aspire-lite-al15-61p-r3qe-ryzen-5-8640hs-amd-radeon-graphics-light-silver
Acer Aspire Lite AL15-42P R1GJ /AMD Ryzen 7-7730U/16GB/512GB SSD/AMD Radeon Graphics/15.6″ FHD/Win 11 Home+OH24+M365/Light Silver,Rp 9.199.000,AMD Ryzen 7-7730U,16GB DDR4,512GB SSD,AMD Radeon Graphics,,,https://www.plazait.co.id/product/acer-aspire-lite-al15-42p-r1gj-ryzen-7-7730u-amd-radeon-graphics-light-silver
Acer Aspire Lite AL15-42P R50P /AMD Ryzen 5-7430U/8GB/512GB SSD/AMD Radeon Graphics/15.6″ FHD/Win 11 Home+OH24+M365/Light Silver,Rp 8.999.000,AMD Ryzen 5-7430U,8GB DDR4,512GB SSD,AMD Radeon Graphics,,,https://www.plazait.co.id/product/acer-aspire-lite-al15-42p-r50p-amd-ryzen-5-7430u-8gb-512gb-ssd-amd-radeon-graphics-15-6-fhd-win-11-home-oh24-m365-light-silver
"Acer Aspire 14 A14-51M 70C1 /Intel Core 7-150U/16GB/512GB SSD/Intel Graphics/14"" WUXGA/Win 11 Home+OHS21/Steel Grey",Rp 12.999.000,Intel Core 7-150U,16GB LPDDR5 (onboard),512GB SSD,Intel Graphics,,,https://www.plazait.co.id/product/acer-aspire-14-a14-51m-70c1-core-7-150u-intel-graphics-steel-grey
"Acer Aspire 14 A14-51M 31RN /Intel Core 3-100U/8GB/512GB SSD/Intel Graphics/14"" WUXGA/Win 11 Home+OHS21/Steel Grey",Rp 6.699.000,Intel Core 3-100U,8GB LPDDR5 (onboard),512GB SSD,Intel Graphics,,,https://www.plazait.co.id/product/acer-aspire-14-a14-51m-31rn-core-3-100u-intel-graphics-steel-grey
Acer Nitro V15 ANV15-52 7783 /Intel Core i7-13620H/16GB/512GB SSD/RTX5050 8GB/15.6″ FHD/Win 11 Home+OH24/Black,Rp 19.899.000,Intel Core i7-13620H,16GB DDR4,512GB SSD,NVIDIA GeForce RTX 5050 8GB,,,https://www.plazait.co.id/product/acer-nitro-v15-anv15-52-7783-core-i7-13620h-rtx5050-8gb-black
"Acer Nitro Lite 16 NL16-71G 75QK /Intel Core 7-240H/16GB/512GB SSD/RTX3050 6GB/16"" WUXGA/Win 11 Home+OH24/Pearl White",Rp 13.999.000,Intel Core 7-240H,16GB DDR5,512GB SSD,NVIDIA GeForce RTX 3050 6GB,,,https://www.plazait.co.id/product/acer-nitro-lite-16-nl16-71g-75qk-core-7-240h-rtx3050-6gb-pearl-white
"Acer Nitro Lite 16 NL16-71G 506C /Intel Core 5-210H/16GB/512GB SSD/RTX3050 6GB/16"" WUXGA/Win 11 Home+OH24/Pearl White",Rp 12.999.000,Intel Core 5-210H,16GB DDR5,512GB SSD,NVIDIA GeForce RTX 3050 6GB,,,https://www.plazait.co.id/product/acer-nitro-lite-16-nl16-71g-506c-core-5-210h-rtx3050-6gb-pearl-white
"Acer Aspire Go 14 AG14-72P 38GD /Intel Core i3-1315U/8GB/512GB SSD/Intel UHD Graphics/14"" WUXGA/Win 11 Home+OH24/Light Silver",Rp 8.299.000,Intel Core i3-1315U,8GB DDR4,512GB SSD,Intel UHD Graphics,,,https://www.plazait.co.id/product/acer-aspire-go-14-ag14-72p-38gd-core-i3-1315u-intel-uhd-graphics-light-silver
Acer Swift Lite 14 Air Edition SFL14-54M 56UB /Intel Core Ultra 5-115U/16GB/512GB SSD/Intel Graphics/14″ WUXGA/Win 11 Home+OH24/Pure Silver,Rp 12.999.000,Intel Core Ultra 5-115U,16GB LPDDR5 (Onboard),512GB SSD,Intel Graphics,,,https://www.plazait.co.id/product/acer-swift-lite-14-air-edition-sfl14-54m-56ub-core-ultra-5-115u-intel-graphics-pure-silver
Acer Swift Edge 14 AI SFE14-51T 98HX /Intel Core Ultra 9-288V/32GB/1TB SSD/Intel Arc Graphics/14″ OLED Touch/Win 11 Home+OH24/Pearl White,Rp 29.599.000,Intel Core Ultra 9-288V,32GB LPDDR5X (Onboard),1TB SSD,Intel Arc Graphics,,,https://www.plazait.co.id/product/acer-swift-edge-14-ai-sfe14-51t-98hx-core-ultra-9-288v-intel-arc-graphics-pearl-white
Acer Swift Go 14 AI SFG14-01 X3BG /Snapdragon X1 Plus/16GB/1TB SSD/Qualcomm Adreno/14.5″ WUXGA/Win 11 Home+OHS21/Steel Grey,Rp 9.499.000,Snapdragon X Plus X1P-42-100,16GB LPDDR5X (Onboard),1TB SSD,Qualcomm Adreno Graphics,,,https://www.plazait.co.id/product/acer-swift-go-14-ai-sfg14-01-x3bg-snapdragon-x1-plus-qualcomm-adreno-steel-grey
Acer Swift X 14 AI SFX14-72G 70K8 /Intel Core Ultra 7-155H/32GB/1TB SSD/RTX4060 8GB/14.5″ OLED/Win 11 Home+OHS21/Steel Gray,Rp 25.499.000,Intel Core Ultra 7-155H,32GB LPDDR5X (Onboard),1TB SSD,NVIDIA GeForce RTX 4060 8GB,,,https://www.plazait.co.id/product/acer-swift-x-14-ai-sfx14-72g-70k8-core-ultra-7-155h-rtx4060-8gb-steel-gray
Acer Swift Go 14 AI SFG14-64 R3PS /AMD Ryzen AI 7-350/32GB/1TB SSD/AMD Radeon Graphics/14″ 3K OLED/Win 11 Home+OH24/Sparkly Silver,Rp 19.799.000,AMD Ryzen AI 7-350,32GB LPDDR5X (Onboard),1TB SSD,AMD Radeon 860M Graphics,,,https://www.plazait.co.id/product/acer-swift-go-14-ai-sfg14-64-r3ps-ryzen-ai-7-350-amd-radeon-graphics-sparkly-silver
Acer Swift Go 14 AI SFG14-64 R9FP /AMD Ryzen AI 5-340/32GB/512GB SSD/AMD Radeon Graphics/14″ 3K OLED/Win 11 Home+OH24/Sparkly Silver,Rp 16.599.000,AMD Ryzen AI 5-340,32GB LPDDR5X (Onboard),512GB SSD,AMD Radeon 840M Graphics,,,https://www.plazait.co.id/product/acer-swift-go-14-ai-sfg14-64-r9fp-ryzen-ai-5-340-amd-radeon-graphics-sparkly-silver
Acer Swift Go 14 AI SFG14-73 9686 /Intel Core Ultra 9-185H/32GB/1TB SSD/Intel Arc Graphics/14″ 2.8K OLED/Win 11 Home+OHS21/Frost Blue,Rp 18.999.000,Intel Core Ultra 9-185H,32GB LPDDR5X (Onboard),1TB SSD,Intel Arc Graphics,,,https://www.plazait.co.id/product/acer-swift-go-14-ai-sfg14-73-9686-core-ultra-9-185h-intel-arc-graphics-frost-blue
Acer Swift Go 14 AI SFG14-73 58BQ /Intel Core Ultra 5-125H/32GB/512GB SSD/Intel Arc Graphics/14″ 2.8K OLED/Win 11 Home+OHS21/Frost Blue,Rp 14.499.000,Intel Core Ultra 5-125H,32GB LPDDR5X (Onboard),512GB SSD,Intel Arc Graphics,,,https://www.plazait.co.id/product/acer-swift-go-14-ai-sfg14-73-58bq-core-ultra-5-125h-intel-arc-graphics-frost-blue
Acer Swift Go 14 AI SFG14-73 56A7 /Intel Core Ultra 5-125H/32GB/512GB SSD/Intel Arc Graphics/14″ 2.8K OLED/Win 11 Home+OHS21/Pure Silver,Rp 14.499.000,Intel Core Ultra 5-125H,32GB LPDDR5X (Onboard),512GB SSD,Intel Arc Graphics,,,https://www.plazait.co.id/product/acer-swift-go-14-ai-sfg14-73-56a7-core-ultra-5-125h-intel-arc-graphics-pure-silver
Acer Swift Go 14 AI SFG14-73T 5184 /Intel Core Ultra 5-125H/32GB/512GB SSD/Intel Arc Graphics/14″ WUXGA Touch/Win 11 Home+OHS21/Pure Silver,Rp 14.499.000,Intel Core Ultra 5-125H,32GB LPDDR5X (Onboard),512GB SSD,Intel Arc Graphics,,,https://www.plazait.co.id/product/acer-swift-go-14-ai-sfg14-73t-5184-core-ultra-5-125h-intel-arc-graphics-pure-silver
"Acer Swift Go 14 AI SFG14-73 5135 /Intel Core Ultra 5-125H/16GB/512GB SSD/Intel Arc Graphics/14"" 2.8K IPS/Win 11 Home+OHS21/Pure Silver",Rp 12.499.000,Intel Core Ultra 5-125H,16GB LPDDR5X (Onboard),512GB SSD,Intel Arc Graphics,,,https://www.plazait.co.id/product/acer-swift-go-14-ai-sfg14-73-5135-core-ultra-5-125h-intel-arc-graphics-pure-silver
"Acer Aspire Spin 14 ASP14-51MTN 74KV /Intel Core 7-150U/16GB/512GB SSD/Intel Graphics/14"" WUXGA Touch/Win 11 Home+OHS21/Steel Gray",Rp 14.599.000,Intel Core 7-150U,16GB LPDDR5 (onboard),512GB SSD,Intel Graphics,,,https://www.plazait.co.id/product/acer-aspire-spin-14-asp14-51mtn-74kv-core-7-150u-intel-graphics-steel-gray
"Acer Aspire Spin 14 ASP14-52MTN 706P /Intel Core Ultra 7-155U/16GB/512GB SSD/Intel Graphics/14"" WUXGA Touch/Win 11 Home+OH24/Steel Gray",Rp 16.399.000,Intel Core Ultra 7-155U,16GB LPDDR5X (onboard),512GB SSD,Intel Graphics,,,https://www.plazait.co.id/product/acer-aspire-spin-14-asp14-52mtn-706p-core-ultra-7-155u-intel-graphics-steel-gray
"Acer Aspire Spin 14 ASP14-52MTN 53XC /Intel Core Ultra 5-115U/16GB/512GB SSD/Intel Graphics/14"" WUXGA Touch/Win 11 Home+OH24/Steel Gray",Rp 13.799.000,Intel Core Ultra 5-115U,16GB LPDDR5X (onboard),512GB SSD,Intel Graphics,,,https://www.plazait.co.id/product/acer-aspire-spin-14-asp14-52mtn-53xc-core-ultra-5-115u-intel-graphics-steel-gray
"Acer Aspire Spin 14 ASP14-51MTN 59EF /Intel Core 5-120U/16GB/512GB SSD/Intel Graphics/14"" WUXGA Touch/Win 11 Home+OHS21/Steel Gray",Rp 11.850.000,Intel Core 5-120U,16GB LPDDR5 (onboard),512GB SSD,Intel Graphics,,,https://www.plazait.co.id/product/acer-aspire-spin-14-asp14-51mtn-59ef-core-5-120u-intel-graphics-steel-gray
"Acer Aspire 7 Pro A715-59G 57YQ /Intel Core i5-13420H/8GB/512GB SSD/RTX3050 6GB/15.6"" FHD/Win 11 Home+OH24+M365/Black",Rp 11.799.000,Intel Core i5-13420H,8GB DDR4 (1x8GB SO-DIMM),512GB SSD,NVIDIA GeForce RTX 3050 6GB,,,https://www.plazait.co.id/product/acer-aspire-7-pro-a715-59g-57yq-core-i5-13420h-rtx3050-6gb-black
HP 14-ep1711TU - C45SKPA /Intel Core 5-120U/16GB/512GB SSD/Intel Graphics/14″ FHD/Win 11 Home+OH24+M365/Silver/2Y,Rp 10.999.000,Intel Core 5-120U,16GB DDR4-3200,512GB SSD,Intel Graphics,,,https://www.plazait.co.id/product/hp-14-ep1711tu-c45skpa-intel-core-5-120u16gb512gb-ssdintel-graphics14-fhdwin-11-homeoh24m365silver2y
HP 14-ep1733TU - C45SLPA /Intel Core 5-120U/8GB/512GB SSD/Intel Graphics/14″ FHD/Win 11 Home+OH24+M365/Silver/2Y,Rp 8.700.000,Intel Core 5-120U,8GB DDR4-3200,512GB SSD,Intel Graphics,,,https://www.plazait.co.id/product/hp-14-ep1733tu-c45slpa-intel-core-5-120u8gb512gb-ssdintel-graphics14-fhdwin-11-homeoh24m365silver2y
"Lenovo Yoga Slim 9 14ILL10 - 83CX002FID /Intel Core Ultra 7-258V/32GB/1TB SSD/Intel Arc Graphics/14"" 4K OLED Touch/Win 11 Home+OH24+M365/Tidal Teal/3Y",Rp 30.789.000,Intel Core Ultra 7-258V,32GB Soldered LPDDR5x-8533,1TB SSD,Intel Arc Graphics 140V,,,https://www.plazait.co.id/product/lenovo-yoga-slim-9-14ill10-83cx002fid-intel-core-ultra-7-258v32gb1tb-ssdintel-arc-graphics14-4k-oled-touchwin-11-homeoh24m365tidal-teal3y
"Lenovo Yoga 7 2-in-1 14ILL10 - 83JQ007DID /Intel Core Ultra 7-256V/16GB/1TB SSD/Intel Arc Graphics/14"" 2.8K OLED Touch/Win 11 Home+OH24+M365/Seashell/3Y",Rp 24.749.000,Intel Core Ultra 7-256V,16GB Soldered LPDDR5x-8533,1TB SSD,Intel Arc Graphics 140V,,,https://www.plazait.co.id/product/lenovo-yoga-7-2-in-1-14ill10-83jq007did-intel-core-ultra-7-256v16gb1tb-ssdintel-arc-graphics14-28k-oled-touchwin-11-homeoh24m365seashell3y
"Lenovo Yoga 7 2-in-1 14IML9 - 83DJ00GGID /Intel Core Ultra 7-155H/16GB/1TB SSD/Intel Arc Graphics/14"" 2.8K OLED Touch/Win 11 Home+OH24+M365/Tidal Teal/3Y",Rp 21.499.000,Intel Core Ultra 7-155H,16GB Soldered LPDDR5x-7467,1TB SSD,Intel Arc Graphics,,,https://www.plazait.co.id/product/lenovo-yoga-7-2-in-1-14iml9-83dj00ggid-intel-core-ultra-7-155h16gb1tb-ssdintel-arc-graphics14-28k-oled-touchwin-11-homeoh24m365tidal-teal3y
"Lenovo Yoga 7 2-in-1 14AKP10 - 83JR003CID /AMD Ryzen AI 7-350/32GB/1TB SSD/AMD Radeon Graphics/14"" 2.8K OLED Touch/Win 11 Home+OH24/Tidal Teal/3Y",Rp 19.799.000,AMD Ryzen AI 7-350,32GB Soldered LPDDR5x-7500,1TB SSD,AMD Radeon 860M Graphics,,,https://www.plazait.co.id/product/lenovo-yoga-7-2-in-1-14akp10-83jr003cid-amd-ryzen-ai-7-35032gb1tb-ssdamd-radeon-graphics14-28k-oled-touchwin-11-homeoh24tidal-teal3y
"Lenovo Yoga 7 2-in-1 14AKP10 - 83JR003DID /AMD Ryzen AI 5-340/16GB/512GB SSD/AMD Radeon Graphics/14"" WUXGA OLED Touch/Win 11 Home+OH24/Tidal Teal/3Y",Rp 25.249.000,AMD Ryzen AI 5-340,16GB Soldered LPDDR5x-7500,512GB SSD,AMD Radeon 840M Graphics,,,https://www.plazait.co.id/product/lenovo-yoga-7-2-in-1-14akp10-83jr003did-amd-ryzen-ai-5-34016gb512gb-ssdamd-radeon-graphics14-wuxga-oled-touchwin-11-homeoh24tidal-teal3y
Lenovo Gaming LOQ 15IRX10 - 83JE00QDID /Intel Core i7-13700HX/16GB/512GB SSD/RTX5050 8GB/15.6″ FHD/Win 11 Home+OH24+M365/Luna Grey/2Y,Rp 25.999.000,Intel Core i7-13700HX,16GB SO-DIMM DDR5-4800,512GB SSD,NVIDIA GeForce RTX 5050 8GB,,,https://www.plazait.co.id/product/lenovo-gaming-loq-15irx10-83je00qdid-intel-core-i7-13700hx16gb512gb-ssdrtx5050-8gb156-fhdwin-11-homeoh24m365luna-grey2y
"Lenovo IdeaPad Slim 5 13ARP10 - 83J2003VID /AMD Ryzen 7-7735HS/16GB/512GB SSD/AMD Radeon 680M Graphics/13.3"" WUXGA IPS/Win 11 Home+OH24+M365/Cloud Grey/2Y",Rp 12.969.000,AMD Ryzen 7-7735HS,16GB Soldered LPDDR5x-6400,512GB SSD,AMD Radeon 680M Graphics,,,https://www.plazait.co.id/product/lenovo-ideapad-slim-5-13arp10-83j2003vid-amd-ryzen-7-7735hs16gb512gb-ssdamd-radeon-680m-graphics133-wuxga-ipswin-11-homeoh24m365cloud-grey2y
Lenovo Gaming LOQ 15IRX9 - 83DV01ARID /Intel Core i7-13650HX/16GB/512GB SSD/RTX4050 6GB/15.6″ FHD/Win 11 Home+OH24+M365/Luna Grey/2Y,Rp 24.999.000,Intel Core i7-13650HX,16GB SO-DIMM DDR5-4800,512GB SSD,NVIDIA GeForce RTX 4050 6GB,,,https://www.plazait.co.id/product/lenovo-gaming-loq-15irx9-83dv01arid-intel-core-i7-13650hx16gb512gb-ssdrtx4050-6gb156-fhdwin-11-homeoh24m365luna-grey2y
Lenovo Gaming LOQ 15IRX9 - 83DV01ASID /Intel Core i5-13450HX/16GB/512GB SSD/RTX3050 6GB/15.6″ FHD/Win 11 Home+OH24+M365/Luna Grey/2Y,Rp 21.999.000,Intel Core i5-13450HX,16GB SO-DIMM DDR5-4800,512GB SSD,NVIDIA GeForce RTX 3050 6GB,,,https://www.plazait.co.id/product/lenovo-gaming-loq-15irx9-83dv01asid-intel-core-i5-13450hx16gb512gb-ssdrtx3050-6gb156-fhdwin-11-homeoh24m365luna-grey2y
"Acer Aspire 14 A14-51M 7058 /Intel Core 7-150U/16GB/512GB SSD/Intel Graphics/14"" WUXGA/Win 11 Home+OHS21/Steel Grey",Rp 11.999.000,Intel Core 7-150U,16GB LPDDR5 (onboard),512GB SSD,Intel Graphics,,,https://www.plazait.co.id/product/acer-aspire-14-a14-51m-7058-intel-core-7-150u16gb512gb-ssdintel-graphics14-wuxgawin-11-homeoh24steel-grey1y
"Acer Aspire Go 14 AG14-71M 7705 /Intel Core Ultra 7-155H/16GB/512GB SSD/Intel Arc Graphics/14"" WUXGA/Win 11 Home+OH24/Space Grey",Rp 12.999.000,Intel Core Ultra 7-155H,16GB DDR5,512GB SSD,Intel Arc Graphics,,,https://www.plazait.co.id/product/acer-aspire-go-14-ag14-71m-7705-core-ultra-7-155h-intel-arc-graphics-space-grey
"Acer Aspire Go 14 AG14-71M 5471 /Intel Core Ultra 5-125H/16GB/512GB SSD/Intel Arc Graphics/14"" WUXGA/Win 11 Home+OH24/Space Grey",Rp 11.499.000,Intel Core Ultra 5-125H,16GB DDR5,512GB SSD,Intel Arc Graphics,,,https://www.plazait.co.id/product/acer-aspire-go-14-ag14-71m-5471-core-ultra-5-125h-intel-arc-graphics-space-grey
"Acer Aspire Lite 14 AL14-71M 71E2 /Intel Core i7-12650H/16GB/1TB SSD/Intel UHD Graphics/14"" WUXGA/Win 11 Home+OH24/Light Silver",Rp 11.299.000,Intel Core i7-12650H,16GB DDR5,1TB SSD,Intel UHD Graphics,,,https://www.plazait.co.id/product/acer-aspire-lite-14-al14-71m-71e2-core-i7-12650h-intel-uhd-graphics-light-silver
Asus TUF A16 FA607NUG-R745J6M-HM /AMD Ryzen 7-7445HS/16GB/512GB SSD/NVIDIA GeForce RTX 4050 6GB/16″ FHD+/Win 11 Home+OHM+M365/Mecha Gray/2Y,Rp 19.799.000,AMD Ryzen 7-7445HS,16GB DDR5-5600 SO-DIMM,512GB SSD,"NVIDIA GeForce RTX 4050 6GB GDDR6,",,,https://www.plazait.co.id/product/asus-tuf-a16-fa607nug-r745j6m-hm-amd-ryzen-7-7445hs-16gb-512gb-ssd-nvidia-geforce-rtx-4050-6gb-16-fhd-win-11-home-ohm-m365-mecha-gray-2y
